path,bytes,extension,purpose,sha256,width,height,imageFormat
.nojekyll,0,[none],release-metadata,e3b0c44298fc1c149afbf4c8996fb92427ae41e4649b934ca495991b7852b855,,,
404.html,479,.html,release-metadata,a674dcdd28a43ca252064f741aab7cc1355fa18e152d2a2257afb1711d31d84a,,,
CHANGELOG.md,816,.md,release-metadata,1b31938b5097577485358431cc7081a4ce5fc82adbe7a963ad7c414657d61e36,,,
README.md,2011,.md,release-metadata,6abd4d2c98e4aeefc9d2f5cf7cb06df76c2c289a524f9c45fca09a33cbfb6cfe,,,
SHA256SUMS.txt,87711,.txt,release-metadata,3a909389b5a23935238022b33cea25fd5eea089062d07873c8d3aa1db9c2c81d,,,
VERSION,8,[none],release-metadata,4e5f946487c10cb93a0277a2b3dc3e9fabe3ad166cba05ede1e1095816b40a30,,,
assets/asset-manifest.json,5767,.json,runtime-asset,22fc0f0b2892a8b3cc276e84c908d8cee89c46b46c14275cae24926ee643f2f8,,,
assets/avatars/avatar-tech-v1/animations.json,5839,.json,runtime-asset,a60e18f1e0e0011fc0abe62ee03296aa3f7dbb59c79fae659575cca94a796e18,,,
assets/avatars/avatar-tech-v1/avatar-tech-v1-lod0.glb,105972,.glb,runtime-asset,a9130971eedeba140e3d292ca39014deea951564c7eb67e643b8b57d9217aa33,,,
assets/avatars/avatar-tech-v1/avatar-tech-v1-lod1.glb,105324,.glb,runtime-asset,8029df205952c0d3c086d69714d45725000c29a882a3e15be5c10dcb4007104d,,,
assets/avatars/avatar-tech-v1/avatar-tech-v1-lod2.glb,104520,.glb,runtime-asset,4c9491be3f05605da9d58b60de3ac3181b2f580ad9333ee99b4a7259c1f489e5,,,
assets/avatars/avatar-tech-v1/avatar-tech-v1-poster.png,10343,.png,runtime-asset,3020df7b2a9fda7e04bd0070f7ae2e24a454661b47cd28bd8bba975a025dd74d,1200,675,PNG
assets/avatars/avatar-tech-v1/manifest.json,877,.json,runtime-asset,89e58019158cf8168c032c13046765d6b707e5ff3dd3e481b1603e0e1f63a17e,,,
assets/avatars/avatar-tech-v1/materials.json,536,.json,runtime-asset,5dfe719422e5840ab647a4d44e2f2a0d607cbc101270e10a0f976bb80308e81f,,,
assets/avatars/avatar-tech-v1/rig-v2.json,1260,.json,runtime-asset,da550709dec2342fa11bc87f1b6aa5941996d303821b7530a9c1855d1ec164cc,,,
assets/avatars/avatar-tech-v1/slots.json,1197,.json,runtime-asset,1d50862f7cd2b26709cc5a155ce5156db1c2e674ecf4314a24b18407ae2bfb2e,,,
assets/avatars/avatar-tech-v1/texture-bindings.json,802,.json,runtime-asset,b4cff41e63b1c8a23e3ebd275c4cb4d1e2ea1a5038f6ec4db48d718ccc883112,,,
assets/characters/avatar-tech-base.svg,3274,.svg,runtime-asset,25716a25df5aa7323a32c86302d2beaa1b2a2d8e58b1f4eb4730a640397603db,,,
assets/characters/avatar-tech-base.webp,15796,.webp,runtime-asset,0b3aece50dde277b1fa518ce853fb096d424460cd19f48f5dfebaabf06001441,569,640,WEBP
assets/compression/glb/avatars/avatar-tech-v1/avatar-tech-v1-lod0.glb.gz,13045,.gz,runtime-asset,795e8bfa4b1f6e67f7f990fa7ef901c86d053b76929684c0fe5d16bbd0d7169b,,,
assets/compression/glb/avatars/avatar-tech-v1/avatar-tech-v1-lod1.glb.gz,12905,.gz,runtime-asset,c69b4b0fa49af6c66e5e405683cfdb6271703352c57ef59e84f100fb53d1471f,,,
assets/compression/glb/avatars/avatar-tech-v1/avatar-tech-v1-lod2.glb.gz,12779,.gz,runtime-asset,10ad59dcf530a71bddb1b36a7972ba27ef0ae404aeeb6cddb799e213848432e0,,,
assets/compression/glb/equipment/models/acrobat-digital.glb.gz,944,.gz,runtime-asset,56a3a0e2cc538176ab77327b8be4d921b94760bfcc55f200f6451374de5d2319,,,
assets/compression/glb/equipment/models/armor-tech-red.glb.gz,949,.gz,runtime-asset,fe328064a34e637d446da93b5b3473f5a1f66787a3d0289527b531ca678e3478,,,
assets/compression/glb/equipment/models/backpack-nexus.glb.gz,932,.gz,runtime-asset,f54a639eb0d84e284eb42e678217700b9fff8bf1e2169a8fafd6c67dc14005cd,,,
assets/compression/glb/equipment/models/backpack-scholar.glb.gz,997,.gz,runtime-asset,8727ff0e57bc72b4642933440259f1f001c9f078df8cdf6683507f807b35a11d,,,
assets/compression/glb/equipment/models/boots-pulse.glb.gz,889,.gz,runtime-asset,fd735bc2498443aec3b28b7d425157ac4dab4674574fb1791cf95bdf9802ce72,,,
assets/compression/glb/equipment/models/cap-code.glb.gz,863,.gz,runtime-asset,4ec308ea25a7a5eade1e45d90350327826ca7697aed7d55437bc65e74cba0b28,,,
assets/compression/glb/equipment/models/companion-cube.glb.gz,940,.gz,runtime-asset,2bd80a9a53866d954de05d7dd77b145c3cbd50c7f6b66c190279a69a7f2a0738,,,
assets/compression/glb/equipment/models/compass-quantum.glb.gz,999,.gz,runtime-asset,de33cdc11ca082326af85d9b8ddee5e69006f98df4c03282a7ec989dd426529e,,,
assets/compression/glb/equipment/models/drone-iris.glb.gz,968,.gz,runtime-asset,be72e2beb275c66243700a1f5a6772fca0b3bf9bc7c949a66b17cb454e6f0c12,,,
assets/compression/glb/equipment/models/glasses-spectrum.glb.gz,908,.gz,runtime-asset,69217797dae8cc938a67f7dcc748cfe6eaccec60da335c905a9d1487442da0cf,,,
assets/compression/glb/equipment/models/guardian-night.glb.gz,962,.gz,runtime-asset,d65d78fd73c64b481db5bf1696efdda69ab0b1d92acbe38b671055ece24cf241,,,
assets/compression/glb/equipment/models/guardian-star.glb.gz,928,.gz,runtime-asset,7b02b3cbacfb7ebbfec64e73144d0e20a61b1c88cd1f4232f06586f7fa91ff82,,,
assets/compression/glb/equipment/models/hair-cyan-stripe.glb.gz,873,.gz,runtime-asset,e56b145526c5a7f636c0191dafdf0162ff778903458ae9a448e8b2857ad204db,,,
assets/compression/glb/equipment/models/hair-neon-braid.glb.gz,999,.gz,runtime-asset,75ce4c318549de00a7c2f2829598a99347c592444223e19ea23d2e8e5bfc5318,,,
assets/compression/glb/equipment/models/hair-wave-dark.glb.gz,982,.gz,runtime-asset,0b9dffd1a694fe3402ad01090ef3d1d8f05f5ba8d4901e733bb9923560211d38,,,
assets/compression/glb/equipment/models/hammer-thunder.glb.gz,937,.gz,runtime-asset,a299ed23f291404004d8a4f2bac4275b3ca872930151cea5111bb9f7efe4bda4,,,
assets/compression/glb/equipment/models/helmet-orbit.glb.gz,963,.gz,runtime-asset,5d72811e1006e03ba046756657fc8c5d5e6316e5c7f5ab99235ad42a141cec77,,,
assets/compression/glb/equipment/models/hoverboard-neon.glb.gz,894,.gz,runtime-asset,c13dee6acb639760159a68eca61870f23e557eed1433c3fa8b4753497b75f5b2,,,
assets/compression/glb/equipment/models/jacket-neon.glb.gz,987,.gz,runtime-asset,1b617a252f5aebac1e26ed3c09a28a6010f855c5bcd13eda6475e0134e41320f,,,
assets/compression/glb/equipment/models/jetpack-orbit.glb.gz,962,.gz,runtime-asset,835a09dd55612cf5181d60f6e3f6b9bcf6ab39ad6f2e840d1f435e65a3a7e951,,,
assets/compression/glb/equipment/models/mystic-arcane.glb.gz,1035,.gz,runtime-asset,975be77cb6e0a6244e4d1a4568774cffeb21e26b316a0e22d5a48443ac6ea6e9,,,
assets/compression/glb/equipment/models/notebook-holo.glb.gz,969,.gz,runtime-asset,fa7e9e9d20f484764001077d2f587ffc8319b26351ef2cec49900f981f902300,,,
assets/compression/glb/equipment/models/rocket-pioneer.glb.gz,983,.gz,runtime-asset,83bbf4cf2d8cde303baf4ad2aa052e1e791df620866397eeff2c56e45b63b79d,,,
assets/compression/glb/equipment/models/scanner-prisma.glb.gz,944,.gz,runtime-asset,a6f00987fa3a57d8dc34c3c6707b5f8bdf9f8434ef8bd847f86a41f2b948df64,,,
assets/compression/glb/equipment/models/shield-sentinel.glb.gz,886,.gz,runtime-asset,083041959c2823850e24e7e3dae65840603292d5c21ab9f9ff31bc19a0a14558,,,
assets/compression/glb/equipment/models/shield-star.glb.gz,919,.gz,runtime-asset,09e74985644364cc24244761bc087e1ea44b00451b3293c13a8bb2170c53ee37,,,
assets/compression/glb/equipment/models/shirt-code-grid.glb.gz,905,.gz,runtime-asset,0cd5fc9af5e781cdebddbee8033ba86c4cd644dabebbb00c859674ae3bfb54c1,,,
assets/compression/glb/equipment/models/shoulder-orb.glb.gz,930,.gz,runtime-asset,2c1b7fba475db3be13c9f43dc4a27300a31b50d578246fba5ee16bde552840b7,,,
assets/compression/glb/equipment/models/skateboard-byte.glb.gz,905,.gz,runtime-asset,013c44564d76b4df8d0afb8aae2ccadc3565cbc37493bc12d7abbd1147ddd6eb,,,
assets/compression/glb/equipment/models/staff-arcane.glb.gz,963,.gz,runtime-asset,0976603d7e60b4612dfaa0bd0d1df345c78a474fa80372cdf302b4c07c1b3b2d,,,
assets/compression/glb/equipment/models/thunder-warrior.glb.gz,1003,.gz,runtime-asset,e7235999990e051a4585e6995c25beeea59260c43282a9ada818f7bf3d2582e1,,,
assets/compression/glb/equipment/models/uniform-brazil-tech.glb.gz,949,.gz,runtime-asset,7bc0cbc5e754527781256ef1c3143cab02fcfbcc2c07ea6abaf4da5b3f04f610,,,
assets/compression/glb/equipment/models/uniform-spain-tech.glb.gz,936,.gz,runtime-asset,d82ca2cc209095049342b8b21c0a3b0bff0b0a4edc8abd160f0b36e44ba7c62e,,,
assets/compression/glb/equipment/models/uniform-uk-tech.glb.gz,956,.gz,runtime-asset,96f6e1f878f885c4a6648aea640e6defb623a96df2555c640ea1a10d77a82bfb,,,
assets/compression/glb/equipment/models/uniform-usa-tech.glb.gz,930,.gz,runtime-asset,9a73d6b362be77c229fd52b5bbf659cfc44a683814ef6ffd28c796522a278539,,,
assets/compression/glb/equipment/models/visor-holo.glb.gz,904,.gz,runtime-asset,721665f702eb42c75db0a6bce7ead1d86efe01b630937820b31401f9d89edd06,,,
assets/compression/mesh-transfer-manifest.json,18635,.json,runtime-asset,b4a91f741b3503a6dfd12d72c03e430f138d57e1024915a8e72f6ce9522d0a03,,,
assets/concepts/accessories-items.png,2139196,.png,reference-concept,495f7817c3d6c257019a99bb54bc9569259ca9167e4a254184e6bea3dc171b8a,1448,1086,PNG
assets/concepts/character-costumes.png,2124507,.png,reference-concept,5e0223801676daf822212e843f635748eb56dfbb34ae9df39e7b6031b0e0fdca,1448,1086,PNG
assets/concepts/style-guide-avatar-ui.png,2012848,.png,reference-concept,2da7d071de25f39bbccbcc89988fb3b9fa5ea866808f308e359a06d5a70935f5,1448,1086,PNG
assets/concepts/vfx-animations.png,2260667,.png,reference-concept,ea6cd0e92024cfb712c4fa21871efe419d28f5915bd2e6c0ff2e076703a3972e,1448,1086,PNG
assets/concepts/wallet-ui-flow.png,1886944,.png,reference-concept,2e2f4d65dc389bdc4a841fe8169e5568202b2ffe27fd4a542aca861ce3e3f61a,1448,1086,PNG
assets/equipment/equipment-manifest.json,21677,.json,runtime-asset,cbd02b6b72644911847d7294f73da8a7346d980ccf35dd70debe0e235cf79b1a,,,
assets/equipment/models/acrobat-digital.glb,2932,.glb,runtime-asset,73dd6f4ab265a817d4f959ec6675d0aeb43ab621863471a966e97eec6ebc51d8,,,
assets/equipment/models/armor-tech-red.glb,2940,.glb,runtime-asset,f51c2f6da219f1331a04ee1cb8de9d66641eb6fdd1355b59f5f63e58bb9d1ca1,,,
assets/equipment/models/backpack-nexus.glb,3028,.glb,runtime-asset,615f8d1391204d51a7568083c277ffb512c1f9f7f336459e44134e5190332652,,,
assets/equipment/models/backpack-scholar.glb,3392,.glb,runtime-asset,1c8e2d15f4c2ff7c62b81425417aeb4accb731733200b3643d2668139e0f094b,,,
assets/equipment/models/boots-pulse.glb,2628,.glb,runtime-asset,581bb874c48638b4d0d9b7275303ec2c30ded3951db87fd93057236e6d085b39,,,
assets/equipment/models/cap-code.glb,2572,.glb,runtime-asset,34943b51ae6a3aa6c776a15ee14c940df55bff2dc2786839d520f48da418f1a8,,,
assets/equipment/models/companion-cube.glb,3044,.glb,runtime-asset,8e9f07f57e1ee9f9c28487d912e0377aeb9d9c5c0d7d432d994226d2eb3afe45,,,
assets/equipment/models/compass-quantum.glb,3036,.glb,runtime-asset,dc73ce415813d63c740a42e3420aabfa670e358ac9fee1c4fca3f2a7e450bf4a,,,
assets/equipment/models/drone-iris.glb,3192,.glb,runtime-asset,d934f09b4154b49eed009066f35275348af4fcdd6456cd98826e2926ae0bfeff,,,
assets/equipment/models/glasses-spectrum.glb,2776,.glb,runtime-asset,ec20add3f523aa13baeeb72566bb3fd30fa925f9b666ae706755c6ba8aa19392,,,
assets/equipment/models/guardian-night.glb,2892,.glb,runtime-asset,6c7bce181350b79d587ac22fef6722420fca58f78907f72d9909ae0439251758,,,
assets/equipment/models/guardian-star.glb,2844,.glb,runtime-asset,bca4ed0c0f34442de900e8e752c7bc292e5cc595ed1968437e86741a50182018,,,
assets/equipment/models/hair-cyan-stripe.glb,2424,.glb,runtime-asset,3904fd04f47abefd6e68ae5ae90d5cfc6d612c6dc26bbff4d1885131b5972abd,,,
assets/equipment/models/hair-neon-braid.glb,2932,.glb,runtime-asset,b295f9fd9517c882d536670f727bc69667193fd4fa6d529403b2e7ecb773f429,,,
assets/equipment/models/hair-wave-dark.glb,2708,.glb,runtime-asset,cd28a1e438acc86c257d3490bc92f4a7e53fa2331b18b97d57aa1186d23fe12e,,,
assets/equipment/models/hammer-thunder.glb,2960,.glb,runtime-asset,26c9c61700c1f14f4e554b87676b0de20398ec7c344270ec8bcc74f86e060a09,,,
assets/equipment/models/helmet-orbit.glb,3040,.glb,runtime-asset,af0e6616b9f16cc8f7181f8116376d2e877ce138e4374e449adc5a691c9bd192,,,
assets/equipment/models/hoverboard-neon.glb,2692,.glb,runtime-asset,2a9dd7632cc062ca53963b0c14f2d7200400e26302778c7ef12f90824d69d5eb,,,
assets/equipment/models/jacket-neon.glb,3056,.glb,runtime-asset,bbc4e3409c4384a89aa2d35a6e89ca733b744b2903dd095c4b05bf66028eabab,,,
assets/equipment/models/jetpack-orbit.glb,3132,.glb,runtime-asset,0384d02bedbc13d28026de82be3982ea3a0429ed403652d5ff9a3258447896ef,,,
assets/equipment/models/mystic-arcane.glb,3256,.glb,runtime-asset,835662a14120854188cde72a478450fe843881c407f6c8c7cf656f1fec1777ae,,,
assets/equipment/models/notebook-holo.glb,2864,.glb,runtime-asset,b5a5127d60236bccb0333178e3c2f07cdd5d3fc1d33e44109e404d53e06f2809,,,
assets/equipment/models/rocket-pioneer.glb,3136,.glb,runtime-asset,a795814274c42d5b6ca10cb1204ebc2954fc6d0dd8af4d062aeddc4078ce457a,,,
assets/equipment/models/scanner-prisma.glb,2960,.glb,runtime-asset,d7d4f75920e2e52b3565f6256bdc4eb225c28679f5919a6a23c4a15c39ea965e,,,
assets/equipment/models/shield-sentinel.glb,2684,.glb,runtime-asset,7753c1c8923cd1248e4295387ed9197bcf037dc5ed189cb3f75ae298947c1e6f,,,
assets/equipment/models/shield-star.glb,2832,.glb,runtime-asset,3e424b756133252ae2db4c32eccbe167b4492cd217e8a66c165f152fa80da7b9,,,
assets/equipment/models/shirt-code-grid.glb,2768,.glb,runtime-asset,60994d9f9fb1be8ffb2a1534eda8f64345580a7c4a74c84da4dc8366e3e3cc54,,,
assets/equipment/models/shoulder-orb.glb,2676,.glb,runtime-asset,da84018d354b2a0ef5d053f427a40975bd1df7a0e8a8b3f21c0b480dd06b6d45,,,
assets/equipment/models/skateboard-byte.glb,2868,.glb,runtime-asset,88da2d51237974fdb421bc038c4c4bdf1c0a44e7302c6688de5f2704dd1f1b87,,,
assets/equipment/models/staff-arcane.glb,2716,.glb,runtime-asset,3995cae849977344a7846d55d1c0498ca93ab1f099c72f6c2a970b3398d0c7ef,,,
assets/equipment/models/thunder-warrior.glb,3076,.glb,runtime-asset,9f6c43fe718c2f645172fe217e945116e3f50821264c58552cbc77b40d6c952c,,,
assets/equipment/models/uniform-brazil-tech.glb,2872,.glb,runtime-asset,0ad9b80ec7eb7aa7973ccf18937a1607c28a86febd68fb3ce5a35e3bd7072dec,,,
assets/equipment/models/uniform-spain-tech.glb,2864,.glb,runtime-asset,ad2d0b8cf4062f0a948b10391ab620ee0f1eb88a65974fb7a9bf95d7819e8911,,,
assets/equipment/models/uniform-uk-tech.glb,2932,.glb,runtime-asset,19a090d15c74b6a7946ce2e58acfd339af6588bc25c26baa6f05d022d31b095c,,,
assets/equipment/models/uniform-usa-tech.glb,2848,.glb,runtime-asset,9d57f8939a0f124a83ab300c6e686a5b7b62dc34e15b6b1b5108190eee5d12eb,,,
assets/equipment/models/visor-holo.glb,2696,.glb,runtime-asset,11827d899d8c4395faebeb9656b256f0491d4aec4da01a94789dc7116d452c39,,,
assets/equipment/presets.json,1156,.json,runtime-asset,0b22c609928ce2de37a2d315f119aadc3575337d8eb45c7577d09cf18e59e3bc,,,
assets/equipment/previews/acrobat-digital.png,7894,.png,runtime-asset,401bb8b1070b83ea05f2efcb6e61d17440e37ca20ced1c21a58c9b5322a2edea,512,512,PNG
assets/equipment/previews/acrobat-digital.webp,17392,.webp,runtime-asset,aecb06befdce8061b0adfa54969fb54c5b61c841960a8342af659877811ad079,512,512,WEBP
assets/equipment/previews/armor-tech-red.png,7978,.png,runtime-asset,5bdc5f744e34670e9e081a9282a5632ba956dc5641b078e11d99e0ea8914b715,512,512,PNG
assets/equipment/previews/armor-tech-red.webp,17934,.webp,runtime-asset,5973784dad62438e38fbf5c9245d9c9e76712d6da80e233c464cdd2b56969174,512,512,WEBP
assets/equipment/previews/backpack-nexus.png,6608,.png,runtime-asset,6dd1658030bd89b6e044519ec453a59331a3745a3514b7b5d1ee1ea1473bc428,512,512,PNG
assets/equipment/previews/backpack-nexus.webp,13090,.webp,runtime-asset,d43b0fd4ffdede5fb50df71bcc280b3149bf1121358e633d89038c19d5213468,512,512,WEBP
assets/equipment/previews/backpack-scholar.png,6529,.png,runtime-asset,0c45a97ed87cf603bf21b042bc03e832b946c9bda55fe546c34e593be61df85b,512,512,PNG
assets/equipment/previews/backpack-scholar.webp,13428,.webp,runtime-asset,910a7de3d8592fefc9046b1268b13e07c128fe27b93a0e98946a8e5ebc9bd472,512,512,WEBP
assets/equipment/previews/boots-pulse.png,5427,.png,runtime-asset,1aa54e75ea1ce7f30b7a8ef13b2289a7538ac317d9c955c58621e157fdf8d8e0,512,512,PNG
assets/equipment/previews/boots-pulse.webp,10008,.webp,runtime-asset,741b1e9c652f5b716c1ea298f2ecdfa1894f0afe44decf00b065cb70062d8b60,512,512,WEBP
assets/equipment/previews/cap-code.png,5044,.png,runtime-asset,88dd7476889de082e42b1feef53fcaa37457a476d2a847d216a5d37beb520188,512,512,PNG
assets/equipment/previews/cap-code.webp,7982,.webp,runtime-asset,044f7c24f5c857bd6a515422a4290d1197e2886ce4751c4c87b6098985393e9a,512,512,WEBP
assets/equipment/previews/companion-cube.png,6468,.png,runtime-asset,1db0de2c52d824b786a162375f0bc7544da6d429d7022a43f814ec37a0b7f38f,512,512,PNG
assets/equipment/previews/companion-cube.webp,11600,.webp,runtime-asset,821a31f8a28c5b288edae0136c4f84e0678e4dd6ae8cf90c8ee84047b431ff5c,512,512,WEBP
assets/equipment/previews/compass-quantum.png,6214,.png,runtime-asset,ebb4bffddfb3d4dda6fddbc86fb4956fa4aa501e432039dbc268317637b4c24b,512,512,PNG
assets/equipment/previews/compass-quantum.webp,12008,.webp,runtime-asset,03a0e44060fe6893519bfaf835a199c34793ba9f335e06d42ca579964d569699,512,512,WEBP
assets/equipment/previews/drone-iris.png,6185,.png,runtime-asset,65738072c83993c0f5c62e508cb174f246776d87dc121c97f76e2d9cde17c630,512,512,PNG
assets/equipment/previews/drone-iris.webp,10302,.webp,runtime-asset,5b21fc3a089e9465b75ca925efe1dfb8c778efa7f344a0904a8ba26c822fe7be,512,512,WEBP
assets/equipment/previews/glasses-spectrum.png,5204,.png,runtime-asset,534210f91a353c0458934f60b01ca8545447fd7fda36c3ec10dd3563a3d2d248,512,512,PNG
assets/equipment/previews/glasses-spectrum.webp,8432,.webp,runtime-asset,79af847c433be3623eca9b2528d995375fd0f3acb14d2b41dd6ba7cb07e51dcc,512,512,WEBP
assets/equipment/previews/guardian-night.png,7975,.png,runtime-asset,a4cf0df8897c78364e5d9db84eb795d2fe2561c24b204bdea68ef11b955681c7,512,512,PNG
assets/equipment/previews/guardian-night.webp,17882,.webp,runtime-asset,dae3ffc046cce8cfacef7653146d25244ca0e5b5e98271909096e43883d22080,512,512,WEBP
assets/equipment/previews/guardian-star.png,7491,.png,runtime-asset,e1e44f75db081a63e01a64e70030848fdf1969eaab6e2620e3b00352ebe1e198,512,512,PNG
assets/equipment/previews/guardian-star.webp,17046,.webp,runtime-asset,e0f6c8e82ce01707c45e02c73b96d9ad3054da7fe5277d9df3daaa6ed8206eaf,512,512,WEBP
assets/equipment/previews/hair-cyan-stripe.png,5660,.png,runtime-asset,86ce11192e853216ebb56d73ca3ef1f8f1cfe7d800d859ed8150cecf1b756a6b,512,512,PNG
assets/equipment/previews/hair-cyan-stripe.webp,10406,.webp,runtime-asset,e7b0e2810734776b22f7be2bb41d13ad688b67e906beb1d60a2a518fa0adcf13,512,512,WEBP
assets/equipment/previews/hair-neon-braid.png,6388,.png,runtime-asset,26b72878b17719435cfb6a7f45e0b10257f830409413b28270cd3d9df38967d3,512,512,PNG
assets/equipment/previews/hair-neon-braid.webp,11570,.webp,runtime-asset,1d5a80618c9926bda69518d559bbf4e2f47e7760babad7246da9922a47a72258,512,512,WEBP
assets/equipment/previews/hair-wave-dark.png,6854,.png,runtime-asset,96cea9a6be0f527f512b6df2bd6f2c74ab25a5907cce3b55a5954e34c83e7085,512,512,PNG
assets/equipment/previews/hair-wave-dark.webp,13818,.webp,runtime-asset,af8966aec4c99daf9db69691b7a72e32ccf0d94fc601062ea390d0f2fa308679,512,512,WEBP
assets/equipment/previews/hammer-thunder.png,6183,.png,runtime-asset,498e52a59b9f2780064c98287669a5565387f1abe8fd59aa7946f2bd451c2c70,512,512,PNG
assets/equipment/previews/hammer-thunder.webp,11506,.webp,runtime-asset,be9c807dd505719032bbe11434b6e38ff985fa99fecaef1538e1f1908a1fa4cb,512,512,WEBP
assets/equipment/previews/helmet-orbit.png,6924,.png,runtime-asset,81587d3b3214fc3716f78a9fe5030971b33bf2001f40f1c6c4785e04a6b6d2b9,512,512,PNG
assets/equipment/previews/helmet-orbit.webp,12750,.webp,runtime-asset,5dd9f844e4533b56b707f20c218b11eaf6d335a7333ee9faa2c2dfe12a8689d9,512,512,WEBP
assets/equipment/previews/hoverboard-neon.png,4702,.png,runtime-asset,517b130cbd4f393f473ff99a4f0dbd32e6a3abfbfb2ebd9f93990e9661f69274,512,512,PNG
assets/equipment/previews/hoverboard-neon.webp,7512,.webp,runtime-asset,46ff7af11b24c29e27099f3ecacf3efc556c45cd5f7e62510c179fdda671f6f4,512,512,WEBP
assets/equipment/previews/jacket-neon.png,8327,.png,runtime-asset,b7c098a03ee90cf4d9ac314024c76fe6fe3253c162d6842b9ee4f21f07b426ae,512,512,PNG
assets/equipment/previews/jacket-neon.webp,17944,.webp,runtime-asset,05acb198d401f9c7613ed34862b586216536b2cf79767c9dfbf429b5247cae04,512,512,WEBP
assets/equipment/previews/jetpack-orbit.png,7364,.png,runtime-asset,cb4aae80a063924b5d997e29285cd1fbb535c14330cef4dd2a961e590114d868,512,512,PNG
assets/equipment/previews/jetpack-orbit.webp,14824,.webp,runtime-asset,469042a6eb2bfd97432a20b7d7f6950485943506512674f6b56616acea6b949f,512,512,WEBP
assets/equipment/previews/mystic-arcane.png,8311,.png,runtime-asset,9d484ac03a698f907f233464de0fd65da977ed678717763b1359680dcc553b6a,512,512,PNG
assets/equipment/previews/mystic-arcane.webp,18914,.webp,runtime-asset,52ddba379250b879743f0a7a5c2ac7cdd318819ce4dc17b014d3f6cf8b183b11,512,512,WEBP
assets/equipment/previews/notebook-holo.png,5341,.png,runtime-asset,5ec0cf166ede5dbcf7ebfa8c658820e988b64a6677f6b27de47c1db3a5b7f861,512,512,PNG
assets/equipment/previews/notebook-holo.webp,9188,.webp,runtime-asset,8895e0418d3e9a76c6196b014e4058c975f67877cd1c7c9189a4ab509eae07df,512,512,WEBP
assets/equipment/previews/rocket-pioneer.png,7204,.png,runtime-asset,35c84869193c8654834b2ec3cd8b8c3a07cc95a3e7c9a11f4af921c77079b58a,512,512,PNG
assets/equipment/previews/rocket-pioneer.webp,12674,.webp,runtime-asset,0fd1f4d09809baa8449a9c2d456ac53d3d2d2fc8940605850fdd3fbbd8e043d2,512,512,WEBP
assets/equipment/previews/scanner-prisma.png,6532,.png,runtime-asset,0020024a8732faf02fb399fd0af236a96e89084e95823d66e510d2c3757279f1,512,512,PNG
assets/equipment/previews/scanner-prisma.webp,12244,.webp,runtime-asset,e4407974ecff93d77176c91db963760296a0f47f38aed6e0b3fe4663530c839c,512,512,WEBP
assets/equipment/previews/shield-sentinel.png,6202,.png,runtime-asset,30beb4b6eb66cf293f0c36e923e522b452ba7266c4494e5abcd39ea7647058e5,512,512,PNG
assets/equipment/previews/shield-sentinel.webp,11182,.webp,runtime-asset,a2bb1e88ad65b21e6f270e72872bc4651f7b8f2b2e877e73233072ceaf3bb273,512,512,WEBP
assets/equipment/previews/shield-star.png,6665,.png,runtime-asset,8af7b5b8fe66007c95a43ddb02ef071eb8450e1de77e10419db22b07e723d0ec,512,512,PNG
assets/equipment/previews/shield-star.webp,12746,.webp,runtime-asset,ded123de1d32519e87f0c85d5a3496003ad7c91083607ae96859758704d50c01,512,512,WEBP
assets/equipment/previews/shirt-code-grid.png,7179,.png,runtime-asset,a025a72606719cf10cd9582ee01fab05397e36f5e7bbd0c09718911ff2c06791,512,512,PNG
assets/equipment/previews/shirt-code-grid.webp,15248,.webp,runtime-asset,b4e94a4abc12ec2495f7ee0d9e7020367a498b6995c14aa5b99c9794ca3748c3,512,512,WEBP
assets/equipment/previews/shoulder-orb.png,7688,.png,runtime-asset,575e2daa057c0b14728da07cc992470cf1151a54b3f786f8f839de76bff4b75d,512,512,PNG
assets/equipment/previews/shoulder-orb.webp,13510,.webp,runtime-asset,d78a107b4494ecdaa516a00af935732702e2c86b6eaac0718b6f55867232fe18,512,512,WEBP
assets/equipment/previews/skateboard-byte.png,5382,.png,runtime-asset,69964bea5a19f223b90315f9c3e065d9b6c3f6fa6e8e0c0508edd4801cd3f47a,512,512,PNG
assets/equipment/previews/skateboard-byte.webp,9662,.webp,runtime-asset,df379c365fbb57f091267dfdd729c5b5561afab571de054b5cececfcc64cff10,512,512,WEBP
assets/equipment/previews/staff-arcane.png,6304,.png,runtime-asset,0baf579b2f22b5ef9e11610fcaeb1791bd8fbb70c8415a605386f7dbbb000c83,512,512,PNG
assets/equipment/previews/staff-arcane.webp,10438,.webp,runtime-asset,f43457d499bccc616532f1f406d0dcc2895ceb5974f8d99c25f861d191d200dd,512,512,WEBP
assets/equipment/previews/thunder-warrior.png,8422,.png,runtime-asset,c70664a20b369dec0c974fb9f9a805b3d079e7b05fdc5d64e6482d6342f56e55,512,512,PNG
assets/equipment/previews/thunder-warrior.webp,16956,.webp,runtime-asset,211fb9564ab26f14f75d1a2909b8478a076ed63ee8068b9b430c9afaae850559,512,512,WEBP
assets/equipment/previews/uniform-brazil-tech.png,7415,.png,runtime-asset,f4b36c3caf04a7ed338035cb4de9023a26b5e2d45003a1d51cb553ba3fcb5707,512,512,PNG
assets/equipment/previews/uniform-brazil-tech.webp,16088,.webp,runtime-asset,763c16fc1a3b243b711ac9791f72c7cd726db7d29d55f0ca8fa25fa0333c4650,512,512,WEBP
assets/equipment/previews/uniform-spain-tech.png,7520,.png,runtime-asset,6352e57d632e5d1d8b6f033c8907d530acb47a20694fd6eeeabd943b6b465ab4,512,512,PNG
assets/equipment/previews/uniform-spain-tech.webp,17196,.webp,runtime-asset,67a6ffc27c88a467637e2544ac9824968dc622a8c291ad6faf93375aa83757bc,512,512,WEBP
assets/equipment/previews/uniform-uk-tech.png,7982,.png,runtime-asset,4702d977c11d942819b4c5ac7dd0e421a8102aecb790ee1b4f133a8cdd99a404,512,512,PNG
assets/equipment/previews/uniform-uk-tech.webp,17140,.webp,runtime-asset,0c2dd4c523e5ff1ea8c687aaf02640100300a7efd8efc6f133bb9b7b0a6442e0,512,512,WEBP
assets/equipment/previews/uniform-usa-tech.png,7414,.png,runtime-asset,4348cf36e7d78f8b44a62aa703cc18cf8f0509c39f709791f0275559902a49b3,512,512,PNG
assets/equipment/previews/uniform-usa-tech.webp,16194,.webp,runtime-asset,7178ee4e4989a0bb3df7568b12ae0e085d780ebc2bb6a6da39f50c8542c6b0c2,512,512,WEBP
assets/equipment/previews/visor-holo.png,5175,.png,runtime-asset,30064f2b233ea5d3a681dc936679ccfea789949350845dd8e0b2b00325db4a60,512,512,PNG
assets/equipment/previews/visor-holo.webp,8542,.webp,runtime-asset,454a32f31e80bd1b40b8e892bad9c459be67a337d0a1abff66045c439dac6d89,512,512,WEBP
assets/items/thumbnails/armor-tech-red.card.svg,2620,.svg,runtime-asset,c15370aefca3ac5865924dd3af7d7646e1c7f80a39664029d462bcf51c801310,,,
assets/items/thumbnails/armor-tech-red.webp,14646,.webp,runtime-asset,2d51921f6f484598a5c0dc39074787928fa4443b19b63a06e089ea3f7a0f08a6,512,512,WEBP
assets/items/thumbnails/aura-energy-blue.card.svg,6417,.svg,runtime-asset,dbdc4fbbce887d2c882f8ba312c16c940fe4f9e2a5598680455135bf25ece60e,,,
assets/items/thumbnails/aura-energy-blue.webp,16314,.webp,runtime-asset,2858e8d0e24eb48cbdcadc87cb5b09c39e7b1dcea959e4417e5d2cca492c87ab,512,512,WEBP
assets/items/thumbnails/aura-gold-legend.card.svg,6415,.svg,runtime-asset,82840c9d2e329e0e2c2adde1928c0ff492ab0babb38b58b3c1b690b0d24f0d60,,,
assets/items/thumbnails/aura-gold-legend.webp,18802,.webp,runtime-asset,b105b2aaf571892b99fadb54ad4b2aea71ea864d13a1ff43c3dd3818223e3008,512,512,WEBP
assets/items/thumbnails/aura-pink-mythic.card.svg,6420,.svg,runtime-asset,8bed4c837a3afe435e35bddb0c99384541b434b5afdd59b1259abe5b1a72672e,,,
assets/items/thumbnails/aura-pink-mythic.webp,16620,.webp,runtime-asset,a3d5cd47192da8fadd93a043734c84f00521f5edd9697ec7f72339c3d1391655,512,512,WEBP
assets/items/thumbnails/backpack-nexus.card.svg,2673,.svg,runtime-asset,6fceb1eba5e2901c3fb2b7b0780015a60ca14369a07868d79532bdfb9c0c5959,,,
assets/items/thumbnails/backpack-nexus.webp,13508,.webp,runtime-asset,18e91ab75440699d721597a9147761b61d23585760ca93d0a99e2cd503561c68,512,512,WEBP
assets/items/thumbnails/boots-pulse.card.svg,2483,.svg,runtime-asset,095432f8ab8f57b5d563dd5c7dfdaecdf3fdb68d64fd5c6cfa4b9bdfa058bf33,,,
assets/items/thumbnails/boots-pulse.webp,11410,.webp,runtime-asset,32ec10fbd73e58623d7bd712eea4e77bf3caf46fb3cda1a13916765e189e737b,512,512,WEBP
assets/items/thumbnails/celebration-fireworks.card.svg,3781,.svg,runtime-asset,e9d1b6d99e8761f5a764723cbc0e952224735b27cb09cc2cfbbb1cbde60e021b,,,
assets/items/thumbnails/celebration-fireworks.webp,16550,.webp,runtime-asset,453ddc096ad96da49d95ecf51ecf866da2bdbf83e4c177fb861a522e6ce650fa,512,512,WEBP
assets/items/thumbnails/drone-iris.card.svg,2843,.svg,runtime-asset,09f8877a108710321e2c2460c9d7f2aed3f9cd4a8fc6c0e4a11b7071488f6bb7,,,
assets/items/thumbnails/drone-iris.webp,23388,.webp,runtime-asset,c9a998b0278d412cf8996314fa87b944ae59fdb5a9dc2dab6f8dce5b726ce0d1,512,512,WEBP
assets/items/thumbnails/emote-applause.card.svg,3443,.svg,runtime-asset,2742d7bc62d6d836c1fffe5e35d3ca178e98703df738a03e7fb7497dc9532441,,,
assets/items/thumbnails/emote-applause.webp,11368,.webp,runtime-asset,44e6785cc195040a1f3191096a0ff9600272aee32c7edaa207c1328451160ef6,512,512,WEBP
assets/items/thumbnails/emote-celebrate.card.svg,3987,.svg,runtime-asset,3ab111325298c3eee9815b7c1ea8de225ef78a83918a4310452afa6579dafac5,,,
assets/items/thumbnails/emote-celebrate.webp,13120,.webp,runtime-asset,74f5c3f1f75c77ee87d38e58654fb88566d3568404cbc737bec7193107fb9b7a,512,512,WEBP
assets/items/thumbnails/emote-goodbye.card.svg,3496,.svg,runtime-asset,94b1a12488515a79a01b97b353627c473f947473c1707a817098262955c6c78c,,,
assets/items/thumbnails/emote-goodbye.webp,11610,.webp,runtime-asset,db1995acebb71a29705dc09992dde864f8a1be6f127dee1475be1d4285de3ba3,512,512,WEBP
assets/items/thumbnails/emote-jump.card.svg,3552,.svg,runtime-asset,1be43f6f8e646a77c161ad42b8285a6a1bb0275591f70ad88d1ee5ed24ef6154,,,
assets/items/thumbnails/emote-jump.webp,11752,.webp,runtime-asset,4de5de4ca0ed0eca61272795e8e834ae224cde7585071c9060c6389da8c76fd1,512,512,WEBP
assets/items/thumbnails/emote-point.card.svg,3483,.svg,runtime-asset,87d505ffb7f0842342c3202fcc84cc9bccd9d67999fd88de179e6c3b2924d14a,,,
assets/items/thumbnails/emote-point.webp,11514,.webp,runtime-asset,4e5b8dd2153fcdf65915faa213e8953d7c25f5205cf782ca3efadefa7200aa98,512,512,WEBP
assets/items/thumbnails/emote-sit.card.svg,3200,.svg,runtime-asset,8f40e4b363aa362bf43a6c49169313596872955f246931fea89889895dfe9b56,,,
assets/items/thumbnails/emote-sit.webp,10282,.webp,runtime-asset,7a724390cc8d24fea2fdcf334c715e9d6617580b8992afcf1d39513f71f3cb45,512,512,WEBP
assets/items/thumbnails/emote-think.card.svg,3573,.svg,runtime-asset,8aed344792f997d9d5d8b24375f6bb56671691938c50fa7089a87a29749dc50a,,,
assets/items/thumbnails/emote-think.webp,13068,.webp,runtime-asset,4cc7b543ae98c36f52d17e1002d8c91ef3b7d242912b83b9ddc187a68b4e1be8,512,512,WEBP
assets/items/thumbnails/emote-wave.card.svg,3465,.svg,runtime-asset,b87673e6501a8d384ef2206cd1e61f44276a10445a0afba6b8df386f291bdae3,,,
assets/items/thumbnails/emote-wave.webp,11466,.webp,runtime-asset,a187e5a54a14b87fdf7dfcd53c1e3bd49086a66170a8a2f8e61deeb07e498423,512,512,WEBP
assets/items/thumbnails/hair-cyan-stripe.card.svg,2496,.svg,runtime-asset,f1a437f702cd0d43299d4af75b4a0ade6cd86c15c3a195166223dca501082879,,,
assets/items/thumbnails/hair-cyan-stripe.webp,10976,.webp,runtime-asset,042e7e5cd2e4ff7bb11f826c1f78d1dc219ce3f8a25ac3566cce3b27dc766c76,512,512,WEBP
assets/items/thumbnails/jetpack-orbit.card.svg,2656,.svg,runtime-asset,194a84ef055d72617053d78a0007c7e15cad901198398fab259ecccfb0fc1b95,,,
assets/items/thumbnails/jetpack-orbit.webp,15272,.webp,runtime-asset,0dec2e6441794134e6fa1e456b9bcccb9cfdc02ed886bc1fc49e44224521a157,512,512,WEBP
assets/items/thumbnails/notebook-holo.card.svg,2653,.svg,runtime-asset,fd504c6db5387d803d06a1af877c606f927de22551bf3b0face483df9aa8eeac,,,
assets/items/thumbnails/notebook-holo.webp,12084,.webp,runtime-asset,87492f334e5646d22b448555e190228b129534e1b1b5feccdfa2bb985d0ceb51,512,512,WEBP
assets/items/thumbnails/relic-lab-hologram.card.svg,3894,.svg,runtime-asset,2621db18febb24edad98005d06af830da19216d6b89b3978fc3b1e6b6fc720f6,,,
assets/items/thumbnails/relic-lab-hologram.webp,17454,.webp,runtime-asset,4bb4ec55084fa8995081f4cc728ed9c075d46ea2dadd175b77a21124093b5b67,512,512,WEBP
assets/items/thumbnails/scanner-prisma.card.svg,2680,.svg,runtime-asset,c46f71fba20c405a88ac6b47aeaa44d73a1048fb0474dc4f96a74aee63e3f51e,,,
assets/items/thumbnails/scanner-prisma.webp,14654,.webp,runtime-asset,c3397e4fe709a198dca16fe3267c311773cc4b9dfd4d7cc54e6a8528bc123fb6,512,512,WEBP
assets/items/thumbnails/shield-sentinel.card.svg,2489,.svg,runtime-asset,6b39cecf9cdf31a52a9181b380b8c04a26339339fab86e648c6ab8c29dc4c7f2,,,
assets/items/thumbnails/shield-sentinel.webp,21486,.webp,runtime-asset,634f3eefc2f0d791c9bf6821933bb470bc07b9e75cd034a9decf719309c693cb,512,512,WEBP
assets/items/thumbnails/shirt-code-grid.card.svg,2478,.svg,runtime-asset,9970e7a8ac82779e1109a51388c691ff6b8448d1e408ebe7ba38f758f766805b,,,
assets/items/thumbnails/shirt-code-grid.webp,10840,.webp,runtime-asset,dcefe9c3c0316d720c9a2cade6fed27274930799b6bf5c23631c851950c19b99,512,512,WEBP
assets/items/thumbnails/uniform-brazil-tech.card.svg,2485,.svg,runtime-asset,647d0dd27cd6c28f6dafa16483c967063452da96a849691c8d2b339b532a24bd,,,
assets/items/thumbnails/uniform-brazil-tech.webp,15422,.webp,runtime-asset,aadf4a37340c2b67c18c371658356dd651f0514239afc7cbba5dd34354541b8e,512,512,WEBP
assets/items/vectors/armor-tech-red.svg,2050,.svg,runtime-asset,73e21c666ad25738841e3a528a1ca0088752ecc21db2ba5800cb51671ef3b203,,,
assets/items/vectors/aura-energy-blue.svg,5852,.svg,runtime-asset,f682b0da7e20c32a31fb72825b3879c2a801f8f5d32d549c4c10fbf21b72e25d,,,
assets/items/vectors/aura-gold-legend.svg,5848,.svg,runtime-asset,4a06067e059802f7feccb9d44da29fe558dbff07dfc33c63e9a47ff8947c0e1b,,,
assets/items/vectors/aura-pink-mythic.svg,5848,.svg,runtime-asset,0f8707420d0cdd2f36f58a0ca933c059797848fa8b2c82fa0cf3b187bbe52b23,,,
assets/items/vectors/backpack-nexus.svg,2103,.svg,runtime-asset,6f6dedade3ff39520d1fad931e9228fc687e16d5fe0ce1adeb7049a5c0cdd9e0,,,
assets/items/vectors/boots-pulse.svg,1913,.svg,runtime-asset,cbe6e34a989828f09417accc2256c3a41ef0c27cfcdac62e29c0aa8cc5d4b2d2,,,
assets/items/vectors/celebration-fireworks.svg,3211,.svg,runtime-asset,c3d466ed34e159f396f26b92b33cd0110b727cc68231cd45dd8327e74129582e,,,
assets/items/vectors/drone-iris.svg,2273,.svg,runtime-asset,f8905d08a1e96f5430c055eec4365d07d42e22fe171c531e0a0f418ac4c8bfb4,,,
assets/items/vectors/emote-applause.svg,2873,.svg,runtime-asset,92ddaf68cc0d0daf9e56ab2233e9a9a70076ef4134e71d2a8649328bb0e9ad63,,,
assets/items/vectors/emote-celebrate.svg,3417,.svg,runtime-asset,a02c47bda22d81b113230c989f12c04d443c9d65f64e11dbed4c59fde1696dee,,,
assets/items/vectors/emote-goodbye.svg,2926,.svg,runtime-asset,81d28a57c51b17261365fa25f4cc68bff630d2937c96a93ec8fc7379264d2262,,,
assets/items/vectors/emote-jump.svg,2982,.svg,runtime-asset,9f4e96ba0431a43e33139ee704322c707958fa565fc4f93b3f9a8f83512bfe96,,,
assets/items/vectors/emote-point.svg,2913,.svg,runtime-asset,36245cd34878acaff50e28d22fff29badf8997bc694a83fb9c859654c76ef262,,,
assets/items/vectors/emote-sit.svg,2630,.svg,runtime-asset,17733644fc0cc87472b7a3074cb5a330c73b75ed01fe9171aa13c51e6336fe26,,,
assets/items/vectors/emote-think.svg,3003,.svg,runtime-asset,6c4cafaec0bc83d07b4ad648c06fa8657b7358a0958f27b88e1bc3ccc40ac583,,,
assets/items/vectors/emote-wave.svg,2895,.svg,runtime-asset,1261ba7fa905af682d96ea1e10dc42ce0f3580ab7e502f48606399979d09d4e3,,,
assets/items/vectors/hair-cyan-stripe.svg,1926,.svg,runtime-asset,45f4080b46085babac8f40299c1cdd848349ca7263b305515f3e75bf0547fd4f,,,
assets/items/vectors/jetpack-orbit.svg,2086,.svg,runtime-asset,fd0f58894d764ddaecc9597c303660115b331f74d80b2a85400b78c1217d534b,,,
assets/items/vectors/notebook-holo.svg,2083,.svg,runtime-asset,8e85da1dad70dd95c98f168fe370f096837f3ed492f5e5ed5cb36b6bad2f6c3b,,,
assets/items/vectors/relic-lab-hologram.svg,3324,.svg,runtime-asset,df691cf4872ff29a1e585081ac2eda5cc494369bd34a61569c8c0bd4ec27f6bc,,,
assets/items/vectors/scanner-prisma.svg,2110,.svg,runtime-asset,ca54b70e9711b834c2c70b5712e43b63ab2b50d437dafb0961a03c62e99f3019,,,
assets/items/vectors/shield-sentinel.svg,1919,.svg,runtime-asset,d7a8152bd4f0d0df9f7bfbc26811e62c36a810bf9704bbe5a0abda78cfc01074,,,
assets/items/vectors/shirt-code-grid.svg,1908,.svg,runtime-asset,ab5164cc96f3d2dacdcd7fdbc9e6b5cfd323639d25a779e02b74ac656df36b18,,,
assets/items/vectors/uniform-brazil-tech.svg,1915,.svg,runtime-asset,631a5c5eeff9b385dcd2ad1b92b5266bb8b568f706c2303fb3153c167cbabb93,,,
assets/materials/png/emissive-cyan.png,2208,.png,runtime-asset,4022c6ae522eb67d4ceaa5f6c6a149235e4a5a34cd65ae846ebbb31638731d23,256,256,PNG
assets/materials/png/energy-gold.png,46424,.png,runtime-asset,3d79f689e475385fa649c5575ececb8782b90cacbd990a6460c8f076b36daaac,256,256,PNG
assets/materials/png/fabric.png,64693,.png,runtime-asset,0d9b0e0f1aa69f10fd8264aa0b4ff6d8ab00cc34ad1597939556651a792d9b7c,256,256,PNG
assets/materials/png/glass-tech.png,19022,.png,runtime-asset,ffca81c9c17ae302bafcc718d801d677cd3097270513bd40cd9474a591735bba,256,256,PNG
assets/materials/png/hair.png,60966,.png,runtime-asset,990c34d58336c97fb643c14fc5e84c8eb61046d72b29d3747e438383da2ea33f,256,256,PNG
assets/materials/png/holographic.png,2143,.png,runtime-asset,977d67db3793e2e290abb2ed3656a84c72095ed13c98781c5aaf9e6760ba2a15,256,256,PNG
assets/materials/png/leather.png,39658,.png,runtime-asset,ab4372d02bbca38ac939e774ff41a94c64e236c166b45b50646db9d9dcd6c822,256,256,PNG
assets/materials/png/metal.png,7300,.png,runtime-asset,01c831e251998767d947f882202b4bfd895ad02bcf7bd76e9980494d9537c067,256,256,PNG
assets/materials/png/painted-metal.png,58431,.png,runtime-asset,49c4b65a8ab67847fb60b22510244d0bea691ade9852d9c4bf537b40c63803cb,256,256,PNG
assets/materials/png/rubber.png,63093,.png,runtime-asset,907225f34882512512e803e26bd6ff15c2ab1ad2b790e23d3e23c6d1e94c3edb,256,256,PNG
assets/materials/png/skin.png,37895,.png,runtime-asset,d376e6b70bb94a243fee0cce60a3a83748604ef7f0934806c51953a4b0008a65,256,256,PNG
assets/materials/png/wood.png,28766,.png,runtime-asset,1b13bd698fa46997644310942d0372a02e0a439e5933fd89ae1328cf593f095d,256,256,PNG
assets/materials/webp/emissive-cyan.webp,4036,.webp,runtime-asset,5847b4d48194c143bbf81a54cd348045f72a728b8017b00851118c72e752fcae,256,256,WEBP
assets/materials/webp/energy-gold.webp,4912,.webp,runtime-asset,5ba26ce06c6e4100c21e08899bbc456aaf02a1fe5b2aab84cdea6738ab91f8c0,256,256,WEBP
assets/materials/webp/fabric.webp,23910,.webp,runtime-asset,58c59cf0b8adcf2202f4f2bc7591aaf074847e843ee4abe77508d379310b8655,256,256,WEBP
assets/materials/webp/glass-tech.webp,10494,.webp,runtime-asset,2cbb89e80f76946f80f1ee46023957ccda15c220d822d95df2acee46e22044fe,256,256,WEBP
assets/materials/webp/hair.webp,25198,.webp,runtime-asset,50966a438b823a6ab05e53fd0297ab9a62afc1307d9c1681313db700056a7883,256,256,WEBP
assets/materials/webp/holographic.webp,2876,.webp,runtime-asset,7a970a10082bf381a6a3b078fe94f9ec64cf6daeb3a096743d30532a5532063f,256,256,WEBP
assets/materials/webp/leather.webp,9676,.webp,runtime-asset,f7cfb47ae053980c0106fc1757111adec41c61441698ea0e7f32ca9a3a464cf3,256,256,WEBP
assets/materials/webp/metal.webp,2282,.webp,runtime-asset,af0dbc5bb15ff59988fa9ca36512c67c7b6343875f64e7ab4a060a814f97c46e,256,256,WEBP
assets/materials/webp/painted-metal.webp,18422,.webp,runtime-asset,a5b275cd9936541b09dfa28b957eeca9b903acdbd6e7b177d1dcfd655627e6a3,256,256,WEBP
assets/materials/webp/rubber.webp,20620,.webp,runtime-asset,63d79caecdc82a893af7e32f8023d0c9a94d2366c6bb37d0bef9dbe0b7ec504c,256,256,WEBP
assets/materials/webp/skin.webp,5988,.webp,runtime-asset,bd25a532bc94abb4fc0f1193f1820209647b285622548e3393f737a54bf565a1,256,256,WEBP
assets/materials/webp/wood.webp,7992,.webp,runtime-asset,9af63c6632a299de12fc897134e549a2a3c914de6f2e6bbd3a88ba650dfa7592,256,256,WEBP
assets/previews/test-ip.png,13603,.png,documentation-preview,4a018ac0b33985daf0e8fec8fa173b76e607e926f89a4ef04361ea8d9d4e01a4,390,844,PNG
assets/previews/v0.3.0-assets.png,1141296,.png,documentation-preview,e7d6ace89902654da5ba5606df69a7f07341eb9a2512477d0defe2b167f0b198,1440,1000,PNG
assets/previews/v0.3.0-desktop.png,828400,.png,documentation-preview,dc1b5219c278e3977472335cde5402dec464772814791177ce354250a1a812be,1440,1000,PNG
assets/previews/v0.3.0-mobile.png,211405,.png,documentation-preview,51705cd88314e3b98f738aa8ae79556435c6849fb087ad2b31b4212e79a89524,390,844,PNG
assets/previews/v0.3.0-store-modal.png,417165,.png,documentation-preview,429a0e59df6760cc6721ccf6d1e5450cb82706bb80ab1f27186b536435b2715b,1440,1000,PNG
assets/previews/v0.4.0-avatar-turnaround.png,391879,.png,documentation-preview,43343251aa88d0a2ce5e096fcc4fe6db5f440d7bce52629a3c0a4ca5c06ffa05,1600,900,PNG
assets/previews/v0.5.0-equipment-catalog.png,387645,.png,documentation-preview,46ffc531da09c17a5b060d20a08d880085f827317af84a87935f1a0060c8f966,1100,2290,PNG
assets/previews/v0.5.0-presets.png,165682,.png,documentation-preview,06af5f2a54f3e3a7bd747f2bd0243bc2bc96f581050208487a6aad3cf65f60fa,1600,1060,PNG
assets/previews/v0.6.0-animations-speech.png,62072,.png,documentation-preview,8c7f0f7e26185fab851aa68b430555e288d188c5c6f3901b261abdac98b97b7d,1200,850,PNG
assets/previews/v0.6.0-vfx-catalog.png,544490,.png,documentation-preview,6e935862d556cc30f91f5edfb3f72e2d38505e02cd173700facac2861d979037,1200,980,PNG
assets/previews/v0.7.0-desktop.png,688806,.png,documentation-preview,5279652f8bc35d8833fe7cc6aaef867710e2d44c44ef31136f13383b11f65ca2,1440,861,PNG
assets/previews/v0.7.0-mobile.png,207008,.png,documentation-preview,dbeda2355c9750a9b0b3be3bbb1eb074ea6517605974d67e4c012938ddefb408,390,844,PNG
assets/previews/v0.7.0-performance.png,695440,.png,documentation-preview,38646e1418fd6fecce33d4a7f8ce7012c2c7ed4fea09615f5817c822284312b5,1440,861,PNG
assets/previews/v0.7.0-product-360.png,370083,.png,documentation-preview,9a21150599f97613429460d8bb010bbe96512d7c2c58c9f9b6fccf163422e268,1440,861,PNG
assets/previews/v0.7.0-product-webgl.png,207546,.png,documentation-preview,e57ff50f29691e5fd484775507c2474897f69ca045485ec113a50145f825bbe0,900,661,PNG
assets/previews/v0.8.0-desktop.png,918225,.png,documentation-preview,d0cf9ca432d97c106f9a709d9053527a9d0d74951273dafd65d7dddfd6ffb3dd,1440,1274,PNG
assets/previews/v0.8.0-mobile.png,442572,.png,documentation-preview,3a34dba5029aba2413b35d62a310cdc39d694313acec04b4239503164ceb58dc,390,2501,PNG
assets/previews/v0.8.0-validation.png,872693,.png,documentation-preview,750ae02fa83491d647b7c8a6eebb0c30d0b6582497e46ecb69b019ff0796cf22,1440,1216,PNG
assets/previews/v0.8.0-wallet.png,842324,.png,documentation-preview,9af4680134af63dc9d4fa553117cda68a9160c05edd971d57b38213fbfdbbc50,1440,1595,PNG
assets/previews/v0.9.0-integration-desktop.png,1126893,.png,documentation-preview,05916f51137e0930bf0574f86daca33c6a47aea978afe484fc3e3e50b5e7f843,1440,2575,PNG
assets/previews/v0.9.0-integration-mobile.png,779241,.png,documentation-preview,2a8251f7c1f6be72846bb8900b2ca2e09be8b7d8b8ccde1cd95b6e934b589a6e,390,5144,PNG
assets/previews/v0.9.0-integration-result.png,1120716,.png,documentation-preview,c2013db09725ccf8c11b5fc46f4d305404be5e53319e3cdd7777860d7b961529,1440,2525,PNG
assets/previews/v0.9.1-audit-summary.png,68813,.png,documentation-preview,576f1eb8a9c3a9c74a0f3ff307b8e80f2db4c5c3e7b27da67e4654f73044adb4,1440,900,PNG
assets/previews/v0.9.2-format-lab-mobile.png,588994,.png,documentation-preview,210d1666596c146c86b13c2f72b250e1efeb3456fe6bab760544056a3f559267,390,3830,PNG
assets/previews/v0.9.2-format-lab.png,688552,.png,documentation-preview,a9b545023ebf6dcfc056d52f7253ceb74e41a324c68254cdec905dfa2958f112,1440,1730,PNG
assets/previews/v0.9.3-package-manager-mobile.png,1001975,.png,documentation-preview,4309d5ca76347ba1b7c20560f1215e72700c173d4fbe279e95e24873fbe72cf2,390,5376,PNG
assets/previews/v0.9.3-package-manager.png,981611,.png,documentation-preview,574fbb46c9947919ff0c9f0c9c505af49d14abf45b046461302d0221f7b658cd,1440,2417,PNG
assets/previews/v0.9.4-browser-cache-memory.png,425965,.png,documentation-preview,146cd7360d4c31eae908ae489a6d877f6bffde9d01e9379b75893f29fb3d6706,1440,1036,PNG
assets/previews/v0.9.4-browser-mobile.png,308273,.png,documentation-preview,31c7452d40a6875e58c3e3942fdb46c09a6afa4e7273685633ec4674825fae28,390,1724,PNG
assets/previews/v0.9.4-cache-memory-mobile.png,45342,.png,documentation-preview,0c6544e0741e32886501d0e68e52cf8f254b5c4de4717f88f9d79db2031f1045,390,844,PNG
assets/previews/v0.9.4-cache-memory.png,52219,.png,documentation-preview,e33331757fec75eb12d7da2aee81a1efa9d9c730ca54794f3babf459c5e25ce0,1440,900,PNG
assets/previews/v0.9.4.1-github-pages-fixed.png,715289,.png,documentation-preview,34c86c5ea53aa27292c6f5a4c77685825b40428c30e83d682cf2d2d410930aa8,1440,900,PNG
assets/previews/v0.9.4.2-avatar.png,738792,.png,documentation-preview,caf09101527ad4293db093ff39fe8edd4f8ac70c4477fca6c83354742139e44f,1440,1000,PNG
assets/previews/v0.9.4.2-effects.png,851217,.png,documentation-preview,1ad764d509ed41a0449112ea15e87b913b16fffdd33bc26890c0132594a69337,1440,1000,PNG
assets/previews/v0.9.4.2-home.png,740857,.png,documentation-preview,990fa80b1770376e3505f53e011af3a01e9efa9a50994cf89b321b30540c1f0f,1440,1000,PNG
assets/previews/v0.9.4.2-inventory.png,776513,.png,documentation-preview,9bc8f13cf23ff5dd4c3525e9319e77146f380f57c4f73e36f5d47c4e8b4875ac,1440,1000,PNG
assets/previews/v0.9.4.2-mobile-avatar.png,220869,.png,documentation-preview,e0cfdfcfe471d2d40fc9456cac5571c55f2dc9162fb609eedd996ec6806d790d,390,844,PNG
assets/previews/v0.9.4.2-profile.png,705945,.png,documentation-preview,bdead8e657cab26910f4ecd96720ec29d2806adc7a7e4bdb4c2dc93f902e052a,1440,1000,PNG
assets/previews/v0.9.4.3-modes-desktop.png,492624,.png,documentation-preview,5bfa153f56b3f41ce5031c10d9dc5e17481757d4ff3b755ae6ae9b9f3d74387a,1440,1718,PNG
assets/previews/v0.9.4.3-modes-mobile.png,536646,.png,documentation-preview,37798ee263ea2509ab2c0e51417f800d2049333deb7d0d8e594bb9a2776fbbcd,390,6587,PNG
assets/previews/v0.9.4.3-realism-desktop.png,1194331,.png,documentation-preview,d467342c4c5f535dbcf7beee4457892c46d8a6ff57ae82843ed39963086a80e8,1440,1718,PNG
assets/previews/v0.9.4.3-realism-inventory.png,595631,.png,documentation-preview,d2b9f6595326d519d17de430053a15d47dee02de9ce7250759fce3d2c6610a79,1440,1000,PNG
assets/previews/v0.9.4.3-realism-profile.png,657878,.png,documentation-preview,0235c3917dc7ca28af3bf2fd45b5e6a275636c77f8e38f842c7d16578f5ab265,1440,1000,PNG
assets/previews/v0.9.4.4-rig-desktop.png,624076,.png,documentation-preview,0931786b39f82eafeda4e3889f007c147d6b8790bc9e55df05cd270c5059ba50,1440,2310,PNG
assets/previews/v0.9.4.4-rig-mobile.png,425461,.png,documentation-preview,b01c565181836ca31a482c41652822d0a6cb8a929cd7a03ce9d339b43ad645a6,390,3508,PNG
assets/previews/v0.9.5-benchmark-desktop.png,1164309,.png,documentation-preview,1a59c79715aba548f3747b3644d56c95d655fc53307f0a7086ba6b95cbd21b5d,1440,2125,PNG
assets/previews/v0.9.5-benchmark-mobile.png,1269778,.png,documentation-preview,f9e083179d326c7676930f5314b32c6e5d927890ec6d39f706fc4aca43fff759,390,6668,PNG
assets/previews/v0.9.5-benchmark-result.png,1616199,.png,documentation-preview,4085c0c9ea3803efb2b850d3ae0cd0abad6401652c3cba70e0b2d1ad4e5d2849,1440,3078,PNG
assets/previews/v0.9.5.6-coherence-desktop.png,407672,.png,documentation-preview,06ada872f8017772331cb0067840ef85a3dbbd7b3b66fcdc4c949378a3e082e5,1440,1000,PNG
assets/previews/v0.9.5.6-showcase-mobile.png,155957,.png,documentation-preview,552c5349df6e25d6b1d123083c2e5213ed444514a72097afb1a590a584ac7fd1,390,844,PNG
assets/runtime/previews/equipment-catalog.webp,120902,.webp,runtime-asset,ba62f05c99905297ec262ec381d5d8f4bfd836c3a0a5069a7954d7d55caf2a59,960,1999,WEBP
assets/runtime/previews/visual-direction.webp,57882,.webp,runtime-asset,34879cb4d1f901cd9e456f74ed75601a2da8547a4e8e32c643b62e9bc408732d,720,540,WEBP
assets/runtime/realism/bokeh-realism-512.webp,11302,.webp,runtime-asset,c44c5ad2d393a2bd4bd0f512b445236982fb908b14c3d37d371638c827b67528,512,512,WEBP
assets/runtime/realism/env-realism-2048.webp,49996,.webp,runtime-asset,b2e2f1fcdd1cda1bb8d465722a1c2898dcdbfa0d0e22daa1b0939d69f7f1864b,2048,1024,WEBP
assets/runtime/realism/light-rig.json,899,.json,runtime-asset,8459f35ef67f5d1d399ead1812db6c386e3747554232b9d3f4145ac91c7d61d7,,,
assets/runtime/realism/lighting-realism.json,1086,.json,runtime-asset,e8d6a8e5d1ec1b8a48fdf3728123d40310de5d515ef25c93f0767451eec93227,,,
assets/runtime/realism/material-detail-realism-1024.webp,613686,.webp,runtime-asset,2a7b0e3246ff781abb24b52ffae55cfafde70205e3ab99d397322ccb7e715c76,1024,1024,WEBP
assets/runtime/realism/runtime-manifest.json,1902,.json,runtime-asset,27b3cb4727082000394251fac52eaa24cbe2f7159a73ee216204a5b2782ff970,,,
assets/runtime/realism/stage-cinematic.svg,1365,.svg,runtime-asset,b763fffd7eeb90e675339a92e6fb4179ab831516a13202870c3be516919e3dac,,,
assets/runtime/realism/stage-realism-1920.webp,51878,.webp,runtime-asset,3f1467e29a7061d36a199c7c7d24eee34bc473423e72533180592a9e3d6edb9f,1920,1080,WEBP
assets/runtime/ultra/env-ultra-2048.webp,55032,.webp,runtime-asset,a7bcb1f6d49391407c404876570c90c0a74badf54ab074072f6b0b4149bf65ee,2048,1024,WEBP
assets/runtime/ultra/flare-ultra-512.webp,11694,.webp,runtime-asset,bbcfe12bd29aeb7e40887244e8237da5c4e7a0b9fde7923802908f1643f7edeb,512,512,WEBP
assets/runtime/ultra/lighting-ultra.json,1076,.json,runtime-asset,26ae1da87386ae62892bf9023b2bcfe2d93305636727f2995ffc6b9a2b27fee8,,,
assets/runtime/ultra/material-detail-ultra-1024.webp,624800,.webp,runtime-asset,4634975a451f65a5b289a7f250bfeae9491d796f7b29a95a3b848f13222d3dcd,1024,1024,WEBP
assets/runtime/ultra/runtime-manifest.json,1370,.json,runtime-asset,4e1f57839611827faf0fbd269a12611f921f584549632f8897c41a726d796c56,,,
assets/runtime/ultra/stage-ultra-1920.webp,50184,.webp,runtime-asset,a588459ece2799c21e48c62c9ec52c1c116a696a2d40bf74ad91de3b62c23f14,1920,1080,WEBP
assets/runtime/v0.9.5.2-avatar-modular.png,620325,.png,runtime-asset,dded3968f2a3c4fbbab22143436068ef1e915a65a91a1feb5b32905d3e403c2b,1440,1000,PNG
assets/runtime/v0.9.5.2-home-modular.png,362334,.png,runtime-asset,b1fe3e3b8f59a6d7b5eedc5e355b9e56004e004425169221afeb66804fe14bbb,1440,1000,PNG
assets/runtime/v0.9.5.2-mobile-modular.png,109393,.png,runtime-asset,b586c2c13c3701cd12dbcad5d6abdd5409221320bdd9100b67399b4adae05fc2,390,844,PNG
assets/runtime/v0.9.5.2-product-360-modular.png,295043,.png,runtime-asset,91541d1753e0e3195f86d4c0091dcd0ebec7541f1a15ab11cfe71110a7174667,1440,1000,PNG
assets/runtime/v0.9.5.3-compression-desktop.png,887575,.png,runtime-asset,6dc2fe0ea43eeff96bfe0641f557f8d8be2b44e5be7d2fe7f7fb4eb97507b78f,1440,2382,PNG
assets/runtime/v0.9.5.3-compression-mobile.png,97635,.png,runtime-asset,95dc776655e99ecbad458fa7a15a5a6a8d36b88abb56c7f00fd7603b05da525b,390,844,PNG
assets/runtime/v0.9.5.4-renderer-desktop.png,958546,.png,runtime-asset,f9564cc8b3f216711efc0b1a47a025ea70d3baccf3b9e661fd0e62935bdac57d,1440,2726,PNG
assets/runtime/v0.9.5.4-renderer-mobile.png,1019971,.png,runtime-asset,e2599abfbadb871e947c8a589ce3f8f82b7bdaace643d1fa396efe2cc59d2022,390,5067,PNG
assets/runtime/v0.9.5.5-realism-avatar.png,863265,.png,runtime-asset,349f8397aeb08678d87023ba447521e4147007fcaa5f259b986257d070a9a796,1440,2080,PNG
assets/runtime/v0.9.5.5-realism-mobile.png,576825,.png,runtime-asset,5245367d26c3e4c464f566f1e851ce4e4b430a5c2ff2c0d0a967dc7a3f24ed15,390,3264,PNG
assets/runtime/v0.9.5.5-ultra-premium.png,970814,.png,runtime-asset,a7052371ccade6912b3c2405d1c3f293c04753f383954e2c71d9fc42ae271266,1440,2820,PNG
assets/ui/animated/coin-transfer.svg,2018,.svg,runtime-asset,3df4bf332f6bd7a632eb363c4568fe2afa33dade5c0bb6106cc60c7b485f7975,,,
assets/ui/animated/validation-orbit.svg,2251,.svg,runtime-asset,bbe673fedcdee2b15dc9caa744b31489094f28cf53814cf75fd5f4d4b6518306,,,
assets/ui/backgrounds/grid-neon.svg,1629,.svg,runtime-asset,29d309c7525424974a2aca15c626234a22d8ab2b8e8f4bea87f4923182205286,,,
assets/ui/backgrounds/holo-panel.svg,1723,.svg,runtime-asset,b42d48eb1b1da396b3a9307b083263d231b5c7b30ab57820cdced7cfdf63a1ae,,,
assets/ui/chests/chest-basic.svg,2475,.svg,runtime-asset,1ba9a484efb76621c050fc227e84ac52d9333aec7c011ceb9ccd7698a8c38d76,,,
assets/ui/chests/chest-basic.webp,5854,.webp,runtime-asset,b59c22a8730d1cbb47c3cb404beb2f6cd20b94b56aec57ba287547fa93074ee7,256,256,WEBP
assets/ui/chests/chest-epic.svg,2475,.svg,runtime-asset,852a3f1d3ab888b9a789f0b58ee28821a648ecae60c5a672733c182bda94de88,,,
assets/ui/chests/chest-epic.webp,6590,.webp,runtime-asset,34a0132a7972b0045d1075de04a43f850b380be20e8e9579c2595f3537df8bdb,256,256,WEBP
assets/ui/chests/chest-legendary.svg,2475,.svg,runtime-asset,d4f69099e08081dc34dc8114eee408ab1e83c94fb95c4343bbc13fc0ca2bfd2c,,,
assets/ui/chests/chest-legendary.webp,7296,.webp,runtime-asset,c4607d2b95d1aec406a48d9992bede23018783d8d3985ddf20948b9854d81c21,256,256,WEBP
assets/ui/chests/chest-mythic.svg,2475,.svg,runtime-asset,02216c69891bbc1ceab6dc41af9bd46f23f1eddd506add21167824e1617b834b,,,
assets/ui/chests/chest-mythic.webp,6826,.webp,runtime-asset,4385b020e97de66d780651559271bedbf2956d1d6892eb3be56f92eaafbf68e3,256,256,WEBP
assets/ui/chests/chest-rare.svg,2475,.svg,runtime-asset,581d2c87d4b4648d5574607a90b08b4f76e7b2dd1f63ad0b6ece55ffe55b2d53,,,
assets/ui/chests/chest-rare.webp,6918,.webp,runtime-asset,d090f42647ce028073cb60c942399ef132219319b33698eb6353735d2d076f4b,256,256,WEBP
assets/ui/chests/chest-relic.svg,2475,.svg,runtime-asset,26d1c51b8b97a6ce7b91ab097e74afcadbc9bf653a740ad7571cdf41fddecaf5,,,
assets/ui/chests/chest-relic.webp,6552,.webp,runtime-asset,3fed7acafb761186de6ca3bff3117cee154a345f243935d533ace6560318fde7,256,256,WEBP
assets/ui/coins/coin-available.svg,1803,.svg,runtime-asset,4bd5ae07675dbd52068e66f434ec18b90ed5a68eac44e47423dcd4c879e96710,,,
assets/ui/coins/coin-available.webp,4532,.webp,runtime-asset,eee68f0ea5ac313315f41b885f461cc34d28afd082ad801367aa232da189aeda,128,128,WEBP
assets/ui/coins/coin-blocked.svg,1801,.svg,runtime-asset,aece135f01cd03b24c3818f6eceb1f58fb23c5bce1c84627c93cd87623934743,,,
assets/ui/coins/coin-blocked.webp,4544,.webp,runtime-asset,19d92b39552ab2a3690dc54c5f9c76134edfcfe2313ddc0dae5ee6f5decc0c3b,128,128,WEBP
assets/ui/coins/coin-reserved.svg,1801,.svg,runtime-asset,a448c23ad7fe1729b9467bcdb4affb2585c79781887b644e7e9002f6f7134bd0,,,
assets/ui/coins/coin-reserved.webp,4628,.webp,runtime-asset,c7704b1e1df936cf215709187287ef8d2cac9941741eb9403a1a463f014b90d6,128,128,WEBP
assets/ui/coins/coin-review.svg,1803,.svg,runtime-asset,7a1647bf1741201bdc882dbf4f698b4150cc5f01d03d715986efeefb67be776a,,,
assets/ui/coins/coin-review.webp,4128,.webp,runtime-asset,af42a5063c4ede220cfdc6f5000d0504d56573ec9a7466f099b141f102bc0563,128,128,WEBP
assets/ui/discounts/badge-10.svg,1860,.svg,runtime-asset,aca623f37fca1b3131c90b7e013499590b9372986c23a2318a163672759b3657,,,
assets/ui/discounts/badge-25.svg,1860,.svg,runtime-asset,ae39610fbec3b210d0efefe9e2608e98bcdc74e8b949ec2e732f3fe3ed4d7742,,,
assets/ui/discounts/badge-38.svg,1860,.svg,runtime-asset,5afb8211262a54151ea3087b7cec4f74decb9573a12804584562e5e2e4a1e23a,,,
assets/ui/discounts/badge-60.svg,1860,.svg,runtime-asset,79f5c5301da5e6babed096eb80a4649f2e309a30aac41536dc61e38d20a0cc2e,,,
assets/ui/discounts/badge-80.svg,1860,.svg,runtime-asset,e8ef21d6e26bc9fd6dae981047ca0c62e1a831354d731f724463edf746279aa3,,,
assets/ui/discounts/badge-99.svg,1860,.svg,runtime-asset,8de250afdd550d77282bb0c2363f56c5587a9f0c7d96fa54a76d4e75b2f30f9c,,,
assets/ui/discounts/badge-gratis.svg,1862,.svg,runtime-asset,4b69431640a0921e71a6edde3d56ee0fa4465beea6d39a1c0c579c04102334a7,,,
assets/ui/finance/checkpoint-pulse.svg,737,.svg,runtime-asset,8daab14d6f668439fddf02e6251db678fc0b8c5e1411c1499ee9ee02198e5fde,,,
assets/ui/finance/ledger-scan.svg,1138,.svg,runtime-asset,37ad036836534105650b296f97f8983db6886534402ead8aac29bd191368be3c,,,
assets/ui/finance/teacher-review.svg,858,.svg,runtime-asset,406c6f3324cd2beb201a2bfa32b4d42c58d536d2051d5b966e057a46c700c605,,,
assets/ui/icons/arrow.svg,1704,.svg,runtime-asset,b4bc138ae825366b6b51a87ad16b71c136d4a8008d1ea6f5ff5d36afa8c6e554,,,
assets/ui/icons/audit.svg,1813,.svg,runtime-asset,52d0999fc29a59cc961257086e92b7cbd61bcf4ef8844b46b4ab1625cbbf4640,,,
assets/ui/icons/avatar.svg,1646,.svg,runtime-asset,1a4db15a22e591b4725fcd99c1e43768c9d6c40389ad9be85b150d19c5a9df5c,,,
assets/ui/icons/brand-ds.svg,1855,.svg,runtime-asset,fcce12ecad6684e40b77b9120b125621578e5026dd22543c9b49834dcdfd8a63,,,
assets/ui/icons/check.svg,1720,.svg,runtime-asset,9191ff75400b1853ece029face6ac7e6459ca26ebad465c2850ded2dd646843a,,,
assets/ui/icons/close.svg,1677,.svg,runtime-asset,71bd4423950fb4b52d7b031f13c4effd943c57a0e29723f6066f8202d4fb9aeb,,,
assets/ui/icons/components.svg,1767,.svg,runtime-asset,41629cef9516ca3461a44297f20a8324848aa56e9de0658cef8e92ccf76bd11e,,,
assets/ui/icons/favorite.svg,1651,.svg,runtime-asset,43a275959c962835853a7d2c04d9907f1957807758b8b7495077951faeea33c5,,,
assets/ui/icons/filter.svg,1606,.svg,runtime-asset,ba3e73f540e3506e51ccb6fc7cbbccfd8b15802d9484449f89343aaa85bc41b9,,,
assets/ui/icons/home.svg,1616,.svg,runtime-asset,39bc4a56000b0edf878be0bd204dec1d5440380a6304cf60e7f3c0027a952174,,,
assets/ui/icons/integrity.svg,1751,.svg,runtime-asset,b67443ceac0123946d2666c53c70b749df519d274c803a174436a3b921acbb27,,,
assets/ui/icons/inventory.svg,1666,.svg,runtime-asset,70978aa6335517c15bd624e2fc7b9a64d472a9cda0752994e3af2638b7f00836,,,
assets/ui/icons/lock.svg,1718,.svg,runtime-asset,7b15c02ec6a5ada16a5f9b3fb22033135ed1e99f6adae2f36b256c879b721c62,,,
assets/ui/icons/modules.svg,1726,.svg,runtime-asset,7bc51f01899834b9010a4aa71c6f6f9ff1186bd0334c5cf55b33f677f0878d4b,,,
assets/ui/icons/quality.svg,1631,.svg,runtime-asset,b7a9b52410f338195f219fd42559e01e98ee4f21cc06d7219ad17a61478d8289,,,
assets/ui/icons/reward.svg,1791,.svg,runtime-asset,83ef4e35e1a5cb2c03694b492db2e05a97b5ecdae9b23b66597e83f89bdf2d85,,,
assets/ui/icons/search.svg,1748,.svg,runtime-asset,0b56beb50b874243f370526e66aa51a6fd3f5c898bbae91319a58d9d4c70f42e,,,
assets/ui/icons/settings.svg,1724,.svg,runtime-asset,9aab478e9e819aa8afce8492e350021127b10a59110930300e9941691f03b2c8,,,
assets/ui/icons/store.svg,1693,.svg,runtime-asset,2117a6311ba08a8d160d49d8b7ba26bc7ae43b914c12573c31cdf223278174ea,,,
assets/ui/icons/transaction.svg,1704,.svg,runtime-asset,c4a64fe6e751152cabb98deb5859e30d071a9fb31e1f673f9b49c0326075399b,,,
assets/ui/icons/visual.svg,1675,.svg,runtime-asset,b3cbe7bbbce1ee2539036cf30191790332576e9f96283ab4585b95253d520ba7,,,
assets/ui/icons/wallet.svg,1707,.svg,runtime-asset,2644f521a6aab87668a2144f2315f5c667c020009ad52ef13d780e8e60f960e3,,,
assets/ui/icons/warning.svg,1691,.svg,runtime-asset,ba8fd996fb14e9ec8221628da349372a8d10dcde186d228c6021580df092cceb,,,
assets/ui/rarity/frame-basic.svg,1987,.svg,runtime-asset,455ed3700475466e942a60641b79e379845662028d09bc29c364d56be39e5897,,,
assets/ui/rarity/frame-epic.svg,1987,.svg,runtime-asset,1e645d3f5d748d28715b7dec2b38a15d0dfa612e9797c8eb820d7e15fc2b09fa,,,
assets/ui/rarity/frame-legendary.svg,1987,.svg,runtime-asset,eb97080bde4be1b2873011c2f19924d19f262a075f165ddb8c27c4b6d625e29a,,,
assets/ui/rarity/frame-mythic.svg,1987,.svg,runtime-asset,a6d4dfd8cc9bd70c164d0067eb1d3d2c95824442570444723c3830601ff3f2fa,,,
assets/ui/rarity/frame-rare.svg,1987,.svg,runtime-asset,64fcebd5576ef823076b237e29a37ae6e02c38a07c3d4d67afbd1f5d7d01f487,,,
assets/ui/rarity/frame-relic.svg,1987,.svg,runtime-asset,b0687771133db05557bdceadd4ce2d1c55f3e2826f9cbbca99a1548e880bc471,,,
assets/ui/status/authorized.svg,1643,.svg,runtime-asset,91aacce34dcd91c3067da8aba858019d6a06ad52a2723e364f79f3a1d01958e8,,,
assets/ui/status/denied.svg,1649,.svg,runtime-asset,1795ab3478837b28643576d5965b3a13dd0c6ff59d4013efb53c1280b1c0a289,,,
assets/ui/status/review.svg,1722,.svg,runtime-asset,96cf63a29f492f42b5ed5ef15ccd632cfb7d23e976cc5a06f43aec5681841e8e,,,
assets/ui/status/validating.svg,1721,.svg,runtime-asset,42171e137266655379370531949a305439ebe4c8353a8e198cf324a9e6dc1bd9,,,
assets/vfx/effects/aura-energy-blue.json,366,.json,runtime-asset,f15c1e906f3cc75f8d2c2150706e2614fa3939b0bb046239965a945be22185d8,,,
assets/vfx/effects/aura-gold-legend.json,376,.json,runtime-asset,bf83c4bf2dcf7fe06af0041524c8ad9c3219361d2eb5dc255ce73dbba8b5e138,,,
assets/vfx/effects/aura-pink-mythic.json,380,.json,runtime-asset,32f8c59e27c580853174343e4a401eb25a1b2565fb2c22dd68bb2817e27ba297,,,
assets/vfx/effects/vfx-aura-explosion.json,380,.json,runtime-asset,a69fb5e774dcf15c45857b3bedf0cedf68638a0615908a93bc4f591aad039cb9,,,
assets/vfx/effects/vfx-aura-fire.json,362,.json,runtime-asset,54bc51bb3a9aa2894bdb13d94d3facedbaa9f022dbdfec50a189b704e3188b2d,,,
assets/vfx/effects/vfx-aura-ice.json,352,.json,runtime-asset,7bb3380b7b21a9d2b983d49b268b618e6b50d4cd5bdd9fdb6a8712a844a0e5d5,,,
assets/vfx/effects/vfx-coin-burst.json,346,.json,runtime-asset,bc0ac72957d9514607e23f64032a15e21eded670457a4f6d104fe6e91918bd30,,,
assets/vfx/effects/vfx-confetti.json,387,.json,runtime-asset,9339cb1334fcde6d510b1f28108294d9e411c383b4f50ee1d7b996a97034cd09,,,
assets/vfx/effects/vfx-fireworks-orbit.json,405,.json,runtime-asset,e56116a453db76420eb90a041c8242e2a21c95639bd6c35cedcf355bb41785ab,,,
assets/vfx/effects/vfx-hologram-scan.json,362,.json,runtime-asset,e6ae072108c70e189b1edeefd9dad818b8ba977110733efb85662293a8016074,,,
assets/vfx/effects/vfx-lab-hologram.json,403,.json,runtime-asset,d9081ecd4cf64641f7b399afc14a3285870082d6d8ed5a1ed76900a06f307fea,,,
assets/vfx/effects/vfx-level-up.json,355,.json,runtime-asset,a4c8ec6a8e243cac058fca9047957ce3fe4eb942b40e9785a81c8989460afa1c,,,
assets/vfx/effects/vfx-neon-glitch.json,357,.json,runtime-asset,42b02da6f16b7255e14c3f2874ac8f6b33fba10ddbbc4939fc9c3c5b332124ef,,,
assets/vfx/effects/vfx-portal-entry.json,362,.json,runtime-asset,251c40ae5c1a028024dff061247e6e0b83276d32c3247e34ad138d35728187f2,,,
assets/vfx/effects/vfx-radar-sweep.json,331,.json,runtime-asset,353d4fd6e307fb9602bb5e3ed6a8ca7994ee0b8e7f542f86e8602f7523afafea,,,
assets/vfx/effects/vfx-rocket-celebration.json,395,.json,runtime-asset,ff10247db7a52049d4b224be0f6e8ba34c2de49cb30b901eb66b9ec796e3e470,,,
assets/vfx/effects/vfx-snow-screen.json,345,.json,runtime-asset,772b6f306aba216b07042db87c26fd5f81bee8ba8a389e4899317d25d16f5687,,,
assets/vfx/icons/aura-energy-blue.svg,481,.svg,runtime-asset,491094aa0d18c47784634bcc4570d53af4d1e887faec6b89ddc786dbbcf27079,,,
assets/vfx/icons/aura-gold-legend.svg,481,.svg,runtime-asset,803267950c2752c02a6ac33071c8a30e81079f55b0f2cc8909da58998214e19d,,,
assets/vfx/icons/aura-pink-mythic.svg,481,.svg,runtime-asset,cf15311ed7a6f84df9867ecabbeb29f9b440a24e7c93bad255ce4b38905fcd63,,,
assets/vfx/icons/vfx-aura-explosion.svg,481,.svg,runtime-asset,c8dc12b7d577cbd59d5665d5169df2615b0d671dd9d3cf029b43db0eed1857ca,,,
assets/vfx/icons/vfx-aura-fire.svg,481,.svg,runtime-asset,260ee9e9166ae57c60e557cf3e19b1d85e48ce8e72da1848a1bd8b48f33a33e3,,,
assets/vfx/icons/vfx-aura-ice.svg,481,.svg,runtime-asset,b69a886854659c8f1497b85a82a930c836f93d2c05444f050c168e0bd64593d2,,,
assets/vfx/icons/vfx-coin-burst.svg,481,.svg,runtime-asset,b9eaf564ee9ce1e9d5761461cbde92b9737d2e41636fe924ca62d2c7f043a446,,,
assets/vfx/icons/vfx-confetti.svg,481,.svg,runtime-asset,766285fdc8bf9294fed3d4304466808d6936f6e94b6f9c84ec3fed22cb3b0e47,,,
assets/vfx/icons/vfx-fireworks-orbit.svg,481,.svg,runtime-asset,766285fdc8bf9294fed3d4304466808d6936f6e94b6f9c84ec3fed22cb3b0e47,,,
assets/vfx/icons/vfx-hologram-scan.svg,481,.svg,runtime-asset,491094aa0d18c47784634bcc4570d53af4d1e887faec6b89ddc786dbbcf27079,,,
assets/vfx/icons/vfx-lab-hologram.svg,481,.svg,runtime-asset,db5acdfe10be492cdd2216475a2904887d350704bba784d06d42f314736e2053,,,
assets/vfx/icons/vfx-level-up.svg,481,.svg,runtime-asset,40f8c9cb3acc1e00f5d49f3d2b92f170bbe01344ba2e850abe808e06d2f48e4d,,,
assets/vfx/icons/vfx-neon-glitch.svg,481,.svg,runtime-asset,491094aa0d18c47784634bcc4570d53af4d1e887faec6b89ddc786dbbcf27079,,,
assets/vfx/icons/vfx-portal-entry.svg,481,.svg,runtime-asset,45f26f12b48333f09860375e178f9676fcaa5898dfdfff763fbe01aa3a9a2c40,,,
assets/vfx/icons/vfx-radar-sweep.svg,481,.svg,runtime-asset,9eb5d7f0bba916f5c59887e70be316df60028862184830a1564b98db56a630a4,,,
assets/vfx/icons/vfx-rocket-celebration.svg,481,.svg,runtime-asset,b9c96bedad57d3f00ec3de1811e405767e1337b5c8c11f4fd0b0855be9c8b899,,,
assets/vfx/icons/vfx-snow-screen.svg,481,.svg,runtime-asset,27492055c5cf140f73139d517b6c917fc2436df49f1c9819d988551a6c8e96ba,,,
assets/vfx/previews/aura-energy-blue.png,86017,.png,runtime-asset,cb35fbcf6fc39294ea4c5ef583d1aca66dc2c8943607829eabcb4149a9761e49,720,720,PNG
assets/vfx/previews/aura-energy-blue.webp,42438,.webp,runtime-asset,c4914feb28408b860695aa914de1390327473b75d31240bdbffbd1aa407f0c50,720,720,WEBP
assets/vfx/previews/aura-gold-legend.png,87275,.png,runtime-asset,23d597deb9b6ffa895043892c626fd634b53259ef2b73ff8449ed3798e721063,720,720,PNG
assets/vfx/previews/aura-gold-legend.webp,42522,.webp,runtime-asset,e9d0f99dc46cdb8dbb9087a465b7b20df334cd832808b66b65e8ac6f48cd6642,720,720,WEBP
assets/vfx/previews/aura-pink-mythic.png,91747,.png,runtime-asset,62fbad52746c9164fd3ec90c799eed81993c47688757526f7f3f076ebe1c516f,720,720,PNG
assets/vfx/previews/aura-pink-mythic.webp,40472,.webp,runtime-asset,747a2d3d8974f94b196174de97d0ee724b0d143ac899dcf21846488fc77ce6fb,720,720,WEBP
assets/vfx/previews/vfx-aura-explosion.png,88861,.png,runtime-asset,75150a80786bd5437ad6d88ecd0256a82206b18533c402f36ad6ffaa4f2d103e,720,720,PNG
assets/vfx/previews/vfx-aura-explosion.webp,40284,.webp,runtime-asset,c9e8c69b87762feaf9f959520493bbdb3640fe764107056ea7381a687736f3bb,720,720,WEBP
assets/vfx/previews/vfx-aura-fire.png,82531,.png,runtime-asset,46054ea8af6e9cc703569bcf516022f9e37f52003b09a7aad4b02369dfa10d3a,720,720,PNG
assets/vfx/previews/vfx-aura-fire.webp,42448,.webp,runtime-asset,913fdfd5235529147a15c8e778eb6876b9afff711d97aae1390ecd7501fa7506,720,720,WEBP
assets/vfx/previews/vfx-aura-ice.png,86060,.png,runtime-asset,87b10fa1300d22ebbbccb2ebdcabc662cc3b9457934479099231e7c7f52dcc2d,720,720,PNG
assets/vfx/previews/vfx-aura-ice.webp,38510,.webp,runtime-asset,df1a29da0d5cc7573a02a2b40b5858b41199b0c1508fa808e3e88ea889204c6e,720,720,WEBP
assets/vfx/previews/vfx-coin-burst.png,52923,.png,runtime-asset,1ec43cdb7265ff2a5af9396e14727b5cd94cf43288777c84565e9b87d3cd93c3,720,720,PNG
assets/vfx/previews/vfx-coin-burst.webp,30812,.webp,runtime-asset,14aad50c90c5e62fa67a3d60cc9937b794fa2353b4ac043ff8362196d7603d42,720,720,WEBP
assets/vfx/previews/vfx-confetti.png,44203,.png,runtime-asset,470cc7469ba5889d1bc3db08ba986651e56398bc623f21ebd9d841a365c446c9,720,720,PNG
assets/vfx/previews/vfx-confetti.webp,26484,.webp,runtime-asset,7c550fd233432ac9405bb5c6fc46831d89836880ec2b5bbc6454280a6fb09041,720,720,WEBP
assets/vfx/previews/vfx-fireworks-orbit.png,95813,.png,runtime-asset,208eb135ab47e68f738f3cc99bd2b7f204b929d69652924802f52519137de5e1,720,720,PNG
assets/vfx/previews/vfx-fireworks-orbit.webp,46426,.webp,runtime-asset,262d33d419e3adb897b7320c131b4719666de35e375b81871aa33ed24d3ca8ae,720,720,WEBP
assets/vfx/previews/vfx-hologram-scan.png,42268,.png,runtime-asset,c5cac2cc12473db34de07bfe71594602329bf095cda04cb26d8f5f82892b5c2a,720,720,PNG
assets/vfx/previews/vfx-hologram-scan.webp,30380,.webp,runtime-asset,91a8deb67dbd8af78a118b52b34d6ddbdac2195415f07f842154028209f52dae,720,720,WEBP
assets/vfx/previews/vfx-lab-hologram.png,43770,.png,runtime-asset,d2539fd8f8cc2bb26e93667ef2ea0d2a97028eba659a68686c63a007ad4383f0,720,720,PNG
assets/vfx/previews/vfx-lab-hologram.webp,32380,.webp,runtime-asset,12bf4a895b9a0fc818c7d370877edf5315d5db6433e6311461929da519947877,720,720,WEBP
assets/vfx/previews/vfx-level-up.png,76227,.png,runtime-asset,5e6a5c36b2781b3fdd9ad860ece0fa7fdeee8d78f56dbab98480d67b2bdd1fa8,720,720,PNG
assets/vfx/previews/vfx-level-up.webp,21086,.webp,runtime-asset,28d4a82046942eb138edb72986f2bf26177c6f949751889b303d7a4ac80e8314,720,720,WEBP
assets/vfx/previews/vfx-neon-glitch.png,37211,.png,runtime-asset,92e017d046963d7ee6d64186392b16b72af7fbd5f8f7f6f15a6c7027badb1f9f,720,720,PNG
assets/vfx/previews/vfx-neon-glitch.webp,27234,.webp,runtime-asset,8da8453eb23544d4550559e7ef7d3efc0c0e15cb85e7cd56fc720797237e5bab,720,720,WEBP
assets/vfx/previews/vfx-portal-entry.png,100591,.png,runtime-asset,6f9c9e375e91adfc841de018878db834608c79dd516ef5f7f29ebf3e910343ac,720,720,PNG
assets/vfx/previews/vfx-portal-entry.webp,61998,.webp,runtime-asset,0c4db88639cbcc97f875f6bbc6d1ebb40afaf23bad9069989d9efd1cc053d6af,720,720,WEBP
assets/vfx/previews/vfx-radar-sweep.png,40192,.png,runtime-asset,55ac7bfcbd6181f15b57fb9ae130acd9b10abbc2476b75572695f758a648c3a5,720,720,PNG
assets/vfx/previews/vfx-radar-sweep.webp,28974,.webp,runtime-asset,6a76c3b6cdcc10641a720bcb557bff2a43b071762f49447c81afd6ae1f30e7d2,720,720,WEBP
assets/vfx/previews/vfx-rocket-celebration.png,60445,.png,runtime-asset,fe3154bab10ecb58dd860dd19ff94f65963734aa69a148f0ed6b530c5c2a7544,720,720,PNG
assets/vfx/previews/vfx-rocket-celebration.webp,23386,.webp,runtime-asset,5c6322c0b7e815a63c70bc04f30d8294f8ebd145405368ca8c264f2dfa643ec9,720,720,WEBP
assets/vfx/previews/vfx-snow-screen.png,47516,.png,runtime-asset,f4c0b70c7629d5b283c1441cb319b0b9e99b885cdb7c0460be478387cb4e7d82,720,720,PNG
assets/vfx/previews/vfx-snow-screen.webp,26218,.webp,runtime-asset,6456c89253002397f7c3f0e269f17d7e0d01f198a5c868a27ebb4a13263ac93b,720,720,WEBP
assets/vfx/speech/speech-code.svg,595,.svg,runtime-asset,5250fd7de058558e25c0617002ffcc1ba35d712e8e264cb5dd856bb2821c1413,,,
assets/vfx/speech/speech-finished.svg,598,.svg,runtime-asset,f25c2532dfa4031f319a9232f24fbc9241aebd46def23623395ae0c75c08895b,,,
assets/vfx/speech/speech-good-afternoon.svg,589,.svg,runtime-asset,964b455462fccad37801e4811115abd2a6907817ab8fa68dd83a16fbfdbec511,,,
assets/vfx/speech/speech-good-morning.svg,587,.svg,runtime-asset,02002e9634ac13d674502b1264f289d702cd9c8a516431e1dbea7f4435ac594f,,,
assets/vfx/speech/speech-good-night.svg,589,.svg,runtime-asset,bbf49a355ae6ddeeb72b066a41cc9884dc967e509acc659d0b137f65c09be06a,,,
assets/vfx/speech/speech-got-it.svg,588,.svg,runtime-asset,9f9e0d156840f587dd0cc35e98256dc3b1954b596393e204553fd8950cc23ca2,,,
assets/vfx/speech/speech-mission.svg,596,.svg,runtime-asset,b0a73b3e73fe25989b91d5142480ca7afb14492bca283c32666c3c4830c854f1,,,
assets/vfx/speech/speech-thanks.svg,588,.svg,runtime-asset,0f245229c500292d29aff102fd2eb5ab97d883eb3a10f15ad820f8ea438b3caf,,,
assets/vfx/vfx-manifest.json,8687,.json,runtime-asset,ac7629f86186814bfdcf821479d8b75b17d7a4f76f0a284c908ec6f7cdd07b20,,,
catalog/animations.json,14084,.json,runtime-code-data,e38ca92e76c518875413e611d86a18ecc56d44b81fcaf553aa84073bad88c5e6,,,
catalog/discounts.json,548,.json,runtime-code-data,10eb86fb7c81d8997d97bd9782a48188c257d9be1042222aa9fadf9ee213079a,,,
catalog/items.json,46937,.json,runtime-code-data,4dc7babf809a361dd5f4f1f1986814bb08ed873e2d9a6afd402ae7d807c34cac,,,
catalog/rarities.json,949,.json,runtime-code-data,3a7b79d8dc05c38670a698b9d5c24e74f9b0365476c3c743384be6dba231259b,,,
catalog/vfx.json,8687,.json,runtime-code-data,ac7629f86186814bfdcf821479d8b75b17d7a4f76f0a284c908ec6f7cdd07b20,,,
config/benchmark.config.json,1973,.json,runtime-code-data,13c2c40dab9251b07ffd19206b2e20cb90e242d51d839c6c21877353f69a03d9,,,
config/cache-memory.config.json,1220,.json,runtime-code-data,82db91e2b9a2bb9ae60bdf876baa45159f4c4c9fcc10185a427c60be8ad3dcce,,,
config/compression-pipeline.config.json,298,.json,runtime-code-data,4d48f9eebbe5d53a667b4f21e3aad3aa364e2bc8614c83351dc0dfbd40016209,,,
config/design-tokens.json,1217,.json,runtime-code-data,5fbaddb4ea189f32bffea887963db6e7689550d80b012dfda1974039a49df118,,,
config/economy.config.json,4349,.json,runtime-code-data,7f064a8f67fcc88452dab313c2f3ac59720400684210060156da5c671df08159,,,
config/format-pipeline.config.json,985,.json,runtime-code-data,17f8bbd3313d84118e714cfc148978c5ca729096e8d249b9b292bf334128931a,,,
config/graphics-modes.config.json,6734,.json,runtime-code-data,d3743b3d11df906e459f324be765a8c521852eff6048ec372a35e1619aac308a,,,
config/graphics.config.json,1458,.json,runtime-code-data,accde82fb5f9802141fddc8b6295c95888046e82a5da5ffb5e498bda8c3132c7,,,
config/integration.config.json,3050,.json,runtime-code-data,fa4699af5af0b65e2f03379daf41fca018f89c21fd2324deaef501b6de1f0802,,,
config/package-manager.config.json,1803,.json,runtime-code-data,f3e89b9392027ca95fec692830e085079931364d3860f68cf83bd22a8bda57f2,,,
config/performance.config.json,9929,.json,runtime-code-data,d154fd582aa6dd54fd62bd5ac2d0e8077ac4abebbb103577253b35488bc538ab,,,
config/publish-profiles.json,1143,.json,runtime-code-data,910d0676949b5597753e598f47af21b0a058fee28b5b4a16066321f7d6aa2d28,,,
config/renderers.config.json,2570,.json,runtime-code-data,16c09d49602b4bf759746008a38a7e8d6c28eef2367ae823e6c5c0019aa433ca,,,
config/store.config.json,1911,.json,runtime-code-data,0076757974057e3b79f811375e947057d261ca3a2fc11fdf151da460f8295b51,,,
demo/app.js,65179,.js,runtime-code-data,bb1044956dd46829f4522ef7bbe595b7258333c2c9734a5850aa8718a57dc9f3,,,
demo/asset-transfer.js,2745,.js,runtime-code-data,a456a1ce1ae4be2005ab4ccf38397dde15e112e0c347b0a34fc76c13cbe6be0b,,,
demo/audit.html,7246,.html,runtime-code-data,7a3e369cb3443853c1e65cfd216b9b1d86a43dc03e3119c39a2d9aeee7c793ab,,,
demo/avatar-profile-state.js,4783,.js,runtime-code-data,4205f71a7fd62633e043ce738e88b6a1dd840d9c7b8505786901034238745d49,,,
demo/avatar-snapshot.js,2247,.js,runtime-code-data,1629d31b8b431bec876ac07ddbfafdcf3e5f1fb3f3f232e6667a049fb885b215,,,
demo/avatar3d.js,22669,.js,runtime-code-data,d8ce59940aec817c2cf651bd32ea351163a59230817cf265a3f698f6744b843c,,,
demo/benchmark-engine.js,26509,.js,runtime-code-data,295488b5051366d6e7a00a0a7ad96370d59840d87e9be748efa9eb756e6e093c,,,
demo/boot.module.js,1240,.js,runtime-code-data,87ed58aaff13003d43f79de37492de1e7124e056c3e4af11c79b94edcda5f931,,,
demo/cache-memory-manager.js,10107,.js,runtime-code-data,7818a633bfd591636b57118cc490d2178bf745f4aa955408bcc3a9e496dabb4d,,,
demo/catalog-data.js,35308,.js,runtime-code-data,b063db3c7ffc02c7692bf0ad0f86a17052462807a96cd862dc3c110e421a4fe3,,,
demo/compression-panel.js,1637,.js,runtime-code-data,bab20fb46c3701a3cb79f9019bda7bcbf96811db899db608ba3a89b66b6f110d,,,
demo/config-cache-memory.js,1004,.js,runtime-code-data,2a1cabef3c3343334cee84cf0b1404fce890ddd05ebbe5979792f1359ac6bc8c,,,
demo/config-data.js,12071,.js,runtime-code-data,b9b12eacc579a8f3447ef8a7f21fd98fbf4f146d59752d4e356672c077591d59,,,
demo/equipment-data.js,16825,.js,runtime-code-data,7b151a899ea6d0fb560fda0546e2fe000e2c7231eadfd4ee8469d1d4cb6193fb,,,
demo/formats.html,6873,.html,runtime-code-data,726b73d7b60e770ee4d24aadcfe720bee670b176c0e1c4eda1e58305adb2aff5,,,
demo/graphics-mode-controller.js,2335,.js,runtime-code-data,9dbe9f6f0591d6359365285c30cdc3a1c5c04d6705fe8746a41d019755a8f2ea,,,
demo/index.html,72336,.html,runtime-code-data,aeea3e38cd50fd2ee505fa04c6c0e45c5c864729120214e96e55e7f6d235ce4e,,,
demo/integration-data.js,2109,.js,runtime-code-data,4c520196f8afbc61c4719d10db58b123618c8d08931df0c807abbfb7afee25cf,,,
demo/modules/assets.module.js,213,.js,runtime-code-data,71a7530ea028faf7f945531ec1d9ee8ee54de9a3055e4dedf254ddae8d59f212,,,
demo/modules/avatar.module.js,694,.js,runtime-code-data,65132273d72088f79318a2634f587ecd67c2cf97494042c8ca0ed5f0a7145e4b,,,
demo/modules/integration.module.js,501,.js,runtime-code-data,75785c2da859bc6aa1b6532fe896f011e37633391af93133897fa28877c4b149,,,
demo/modules/inventory.module.js,237,.js,runtime-code-data,d66c9f8c3fdabeb19c1af4370a94323d1492bd3b8664d41554ad04ad490d5bc6,,,
demo/modules/packages.module.js,400,.js,runtime-code-data,e8915286b56df97052dcc9a6e1206e2873042eeb2c40a95a662237f49291956c,,,
demo/modules/performance.module.js,881,.js,runtime-code-data,91920d5bb1762ff55845d60123e7e3106908053c542a3b44c85975a1f7a82d82,,,
demo/modules/product.module.js,694,.js,runtime-code-data,bf63bc0f7f6ac9a38b9370e8a6f031f723e632382fc2c3bced953b671f39cd49,,,
demo/modules/renderer.module.js,550,.js,runtime-code-data,0004076059de19ec036d6bcded306838931d073c2255aba74e03260bb518263d,,,
demo/modules/shared.module.js,2426,.js,runtime-code-data,df966cca189e9887b9b94ec84953d99c36c0bcc95cef063486124b6113d7426e,,,
demo/modules/vfx.module.js,335,.js,runtime-code-data,73b153d4909bfa664bbf235a3726786c1e55b00d66432a27b9f788431b192116,,,
demo/package-data.js,51538,.js,runtime-code-data,524a6fe5fd1f31c0a90ed5ac9f76a31ea3e13251287cd4c0c7444a0c31f4f26d,,,
demo/package-manager.js,18100,.js,runtime-code-data,2995e151110642db0632fec3b6057e96c03485dd8c9f1a9d3dc870b002baea07,,,
demo/performance-manager.js,9095,.js,runtime-code-data,2fdb78e0d3917ebbdfab9e4a20b05826c4626a93101b813b9aa7a722b2e99833,,,
demo/product3d.js,11603,.js,runtime-code-data,8a3075978e17c906554e1f0a92eb0eae9a821dbaba69454324975b43fbf1d3e5,,,
demo/renderer-profile.js,11567,.js,runtime-code-data,3539d3d442193f6b4607df1b8d0c8712c6ceb0470080812837ccaa130ed99a56,,,
demo/runtime-loader.js,1980,.js,runtime-code-data,61848bc31710777077cc723449ede2db84367c608942a5e68ed8aa30268641e3,,,
demo/showcase-controller.js,2114,.js,runtime-code-data,b641e63cc054f1a36d51338abd99a1b18d8a3e87c73fe4e14c6db8b1285cae0d,,,
demo/styles-assets.css,4536,.css,runtime-code-data,07daffc8ed7d7bfc9924bd2da896178d1090928534670bf1785d5dfdd02c32e1,,,
demo/styles-avatar.css,5888,.css,runtime-code-data,d714073d9813b46b5aab7f32bbd7179b4bb994e64dc19da809851ca41b8f72bd,,,
demo/styles-coherence.css,8116,.css,runtime-code-data,f1bbf488c0ce44278460aaf06be10b24d59c2c563ceaaa3bc8b9b928fbf3a1c0,,,
demo/styles-core.css,73651,.css,runtime-code-data,5dacb628ab5d8a143d83b8bd88f19fd5bb5ddcf1fbc92628bb2589d9df668a9b,,,
demo/styles-integration.css,4179,.css,runtime-code-data,2ab965b7515f1b6bb17dd6c5389df4cb3690c727f3443399d3d4c129f3433571,,,
demo/styles-packages.css,8165,.css,runtime-code-data,9430709a67ccaba69cc040d622f8ab8e884d490e0052de0ddd0c951b335f6998,,,
demo/styles-performance.css,13321,.css,runtime-code-data,f58f445b38009dad51184c0c13064cf58af97308282eb9f333ec7d89e1ca86dd,,,
demo/styles-renderer.css,3308,.css,runtime-code-data,37082500d1c60b3bceeefdffe1efe4d2c1949e3f21da12c49a218f8f906f1523,,,
demo/styles-vfx.css,4012,.css,runtime-code-data,1c1cffc485e7a9dc542daa9a4c3b833099532df0f598d9a669b9101d6d8597f7,,,
demo/styles.css,245,.css,runtime-code-data,6003f8ff06b0abc2b3f8fbe4c49a41583e494c27acd15bdcd34bff3ebf6ee1c8,,,
demo/transaction-visuals.js,1465,.js,runtime-code-data,e39932a7759b1d79f9761b303b0352c4733df593d235f465d6863565d25f7540,,,
demo/vfx-data.js,5957,.js,runtime-code-data,20e385f2fda4a0ff80bdd14c8e207340c4b1c76d6e09c54510c92a1f3a22f219,,,
demo/vfx-engine.js,12535,.js,runtime-code-data,18129ac5ee4b6951bf22357a3256d609159de61286ecb30fdc49cc8d9f0fd17e,,,
dev/fallback-base64/avatar-assets.js,146238,.js,release-metadata,546dab671b7dc17695526b0563e864d18449377cba486b8f1adabea04e22c188,,,
dev/fallback-base64/equipment-assets.js,139823,.js,release-metadata,ffbfdda2ed90bd1ba30aa6f9a48dece2aa2901fb4d68f30cb5851b19af1db2d8,,,
dev/packs/reference-dev.json,9766,.json,release-metadata,2c725a8b792e2acec7f560351a69fd9e4f1093f34fd92656c1fc52d068c04aca,,,
dist/ds-store-foundation.js,24060,.js,runtime-code-data,deb167f496520632a62a1a90b217c654e131a326a6b37cd2a76d4f34b48b5ff2,,,
dist/ds-store-sdk.esm.js,273,.js,runtime-code-data,f9820d4d02d74910ffeb80e04b3bd1ec7a0375ef696703aa3d2c015d8a04a968,,,
dist/ds-store-sdk.js,12467,.js,runtime-code-data,2bead3c5aa309d2b4cdefbe378617a6b63e7ebc057980b59729d2ddf5019546f,,,
dist/ds-store-ui.css,82947,.css,runtime-code-data,3e72c8593198185380cd17c59eaf2363a190e5620f3faa57117dfda2b67979b6,,,
docs/ADAPTADORES_PLATAFORMA_v0.9.0.md,1647,.md,documentation,071f8886ab35828b1e4d339741c4a013b9bb12636cec4990f89772370a9ff5f0,,,
docs/ANIMACOES_AVANCADAS.md,615,.md,documentation,51684a4975923252bd76aeecfb8d31ad70ee48aa608aeec639260ab5f933c2b0,,,
docs/ARQUITETURA.md,964,.md,documentation,e8b13e1917f669f6cc1f1c8f5846c22e364786a26e795fd030809f1b92aa27a4,,,
docs/ASSETS_3D.md,674,.md,documentation,9cf5011c2b290e70d844d587af9ad3452139576efcf1ea01fd6afcb54252cb91,,,
docs/ASSET_GUIDE.md,753,.md,documentation,51961f4b2782739bb8376516ff7b2f5304ff9618c20470cd5deedeb12d060440,,,
docs/AUDITORIA_v0.9.1.md,4208,.md,documentation,8f9107dc5e3dc76a331a540aadc7f2982c79426fdb93eb10fd79a0efacc41530,,,
docs/AVATAR_3D.md,1107,.md,documentation,d0f1947b797153e1150b965ebfc55e70be84ec7fee0b439fd1ff155920f55b2c,,,
docs/BENCHMARK_DS_AVANCADO_v0.9.5.md,930,.md,documentation,4fcad9890c0ce74e8e70f4b27e62ed627ace56cf63297fcb240dd402b1ca5199,,,
docs/CACHE_MEMORIA_v0.9.4.md,1447,.md,documentation,07113e60e6a0109a45412b179cbd4a1a42cfda72c1279165f7e9484cf8968dd0,,,
docs/CARTEIRA_ECONOMIA_v0.8.0.md,2215,.md,documentation,b33283a3c1ad46561c1063a798bd987c2f94d750578e3722c3734fce76561aa9,,,
docs/COERENCIA_GRAFICA_TOTAL_v0.9.5.6.md,787,.md,documentation,63bd19b2f48cd84d11372a808b32c3ea70e05a6fe0f0b93a5d68bb886c307ab7,,,
docs/COERENCIA_RUNTIME_DEV_v0.9.5.1.md,1207,.md,documentation,bfadca3b6888375509077045cb80ea21b2bb122ca5c89e2f228f7336cf7e0939,,,
docs/COMPONENTES.md,1210,.md,documentation,cb8ce842d0f815833ba9e2d4c69354793cb0d426518949b051501f8be49d5342,,,
docs/DESIGN_SYSTEM.md,1734,.md,documentation,07d8037652854a3e3dd1da752154423bb22f80030dec1770dee6b4c5a93a829a,,,
docs/EQUIPAMENTOS_3D.md,1246,.md,documentation,7c9605a85a7290ebe26918c0cbe9a0ea9b2da0759eb75591936ff8fa7b2371af,,,
docs/INTEGRACAO.md,565,.md,documentation,5f35e7bc1b2868c649ef2e356c8fac0b2304d324e4671da799d7b2e682108ded,,,
docs/LABORATORIO_FORMATOS_v0.9.2.md,1791,.md,documentation,9adf323d098348a8122312eab3952b6a8c8c0159ee4854f6460fd93f0213f574,,,
docs/LOJA_FUNCIONAL_v0.7.0.md,358,.md,documentation,b78a33e0dc41e31d0b6297f5c0f5c4a2ea0110c3cd4e43f5dd969f6221ae811d,,,
docs/MODOS_GRAFICOS_OFICIAIS_v0.9.4.3.md,1402,.md,documentation,f8ceeea7cb310f1f8ff8cce250a4f0e21d30a93bd0ab43491565244532c0d698,,,
docs/MODULARIZACAO_REAL_v0.9.5.2.md,1488,.md,documentation,5fbc9b56a35ef65d9f4250a80e8f6818609da29901b192408eddf608554a28e7,,,
docs/PACOTES_GRAFICOS_v0.9.3.md,1144,.md,documentation,56807357fba3ba7e7ee6c6558dca923db597c21a2158cdc74cc19856c1d623f4,,,
docs/PACOTES_ULTRA_REALISMO_v0.9.5.5.md,626,.md,documentation,6a57067d429ce06b3301368f4f07b2247daf7530b88d1291ff52053cd2016c2d,,,
docs/PERFORMANCE_ADAPTATIVA.md,882,.md,documentation,f6646e0ee649d60921f9a21d19455507f871fa84f6fb8c731211c3d9726d3325,,,
docs/PIPELINE_COMPRESSAO_3D_v0.9.5.3.md,790,.md,documentation,416897cecd8c05b6f777c3cd293b409b2e0c601ba9801f715377cc281c77057f,,,
docs/PIPELINE_GRAFICO.md,464,.md,documentation,092185bbea76ea4f3d7820ee88c10dc12ac701d2a3c925f91fa93ffa9c2a63d6,,,
docs/PLANO_BENCHMARK_v0.9.5.md,320,.md,documentation,4f953f2562c568abad579499195737553d7afc5af8f7bf866cf247f4d6cf5c7b,,,
docs/PLANO_CACHE_MEMORIA_v0.9.4.md,431,.md,documentation,54d42b994bb4dd445d83b81df5ab7b7f35b17b854ccea1c76b432dbf3e9ac600,,,
docs/PLANO_LABORATORIO_FORMATOS_v0.9.2.md,1077,.md,documentation,36b30fcb3d31529129d343fbbfaa7d16bbf940a103930529b36fa1c905ceaa37,,,
docs/PROMPT_INTEGRACAO_v0.1.0.md,501,.md,documentation,f64e7d35e75dc324e0485c479ec759f4b16ffc678ba9cb0ca09f3ac1b8d79047,,,
docs/PROMPT_INTEGRACAO_v0.2.0.md,1754,.md,documentation,1f372cd2b842aa88a81673d57cf4f85326cc058112e4a0750fb1c7ab101b42dd,,,
docs/PROMPT_INTEGRACAO_v0.3.0.md,448,.md,documentation,25f4abf933d7e7ad32c2916a9b6be85fd8f298553738024bc13943a31fe25cc0,,,
docs/PROMPT_INTEGRACAO_v0.4.0.md,729,.md,documentation,1e53bedca91eea1bbcbc68b2b001d18fa46710557f5c07591b14f564dd253ad4,,,
docs/PROMPT_INTEGRACAO_v0.5.0.md,1563,.md,documentation,92c2acb1fc2744ea76d288190ceba924c5db3179d7046d4a2ca1185370cab25f,,,
docs/PROMPT_INTEGRACAO_v0.6.0.md,865,.md,documentation,f58cec68a54b50f4b361e9fec8b43287b404a78a6e92eba615a5412030bfed2e,,,
docs/PROMPT_INTEGRACAO_v0.7.0.md,640,.md,documentation,dd514fb2a20ae0ec47351eacb09bff15a65c54825e49e06be43b5442b6874800,,,
docs/PROMPT_INTEGRACAO_v0.8.0.md,1935,.md,documentation,f999e6607ff73ccd634d8eaa0b8cfebb8c201db226e8351698225d3e3ca04ea4,,,
docs/PROMPT_INTEGRACAO_v0.9.0.md,1467,.md,documentation,83d71d3c79c4fa089bd5ac5cc01a53bb21932167ba8472bad17f2dacc945dafb,,,
docs/PROMPT_INTEGRACAO_v0.9.1.md,638,.md,documentation,8862d3598047abaa9d83e34572530900651a1625f7d2024a0d2291926a53685a,,,
docs/PROMPT_INTEGRACAO_v0.9.2.md,1508,.md,documentation,08dd5632b001a46beb90c4510723b2750a71c0e18f4f2a3cfb5c2954297d796a,,,
docs/PROMPT_INTEGRACAO_v0.9.3.md,507,.md,documentation,af811f97c983b98c2b1e35d432fb667426bbc4b6972615a10b75cfdb9188d3a2,,,
docs/PROMPT_INTEGRACAO_v0.9.4.2.md,741,.md,documentation,2d0408873f52b37aa65bad392bb3d77980e3ced25b7ebfbe5403b87fd20c0671,,,
docs/PROMPT_INTEGRACAO_v0.9.4.3.md,527,.md,documentation,b7d20e9afe2a633ff8571d84d147eb4210f11742dcfbc22fa490f87c784f6333,,,
docs/PROMPT_INTEGRACAO_v0.9.4.4.md,343,.md,documentation,847c8d5be04ddf3d4ce99e69eca08dc35c72219b17a0167b6366023024c6343a,,,
docs/PROMPT_INTEGRACAO_v0.9.4.md,485,.md,documentation,92700725f362efeed6d506024a1bef47c0506fc1daa3099e1683d81152a5e8b0,,,
docs/PROMPT_INTEGRACAO_v0.9.5.1.md,402,.md,documentation,3339ba77e5210160abd5444e0f9a4d583e6f039f679b5c414078fe4fa9ccbf76,,,
docs/PROMPT_INTEGRACAO_v0.9.5.md,431,.md,documentation,1aa15e46889e7cf4a1ed2903095277fb0eafbbe800db0471b7c1d8a5d584cbb3,,,
docs/PUBLICACAO_GITHUB_PAGES_v0.9.4.1.md,881,.md,documentation,bb6d72e6a77511a56e2d9bbde3d976766cd3a5aa172d87a0739fb87ff4b6e6b1,,,
docs/PUBLICACAO_GITHUB_PAGES_v0.9.5.1.md,540,.md,documentation,87e6ab3a6e31aea8b287af4e38c1853caf078729703372addf6ad0fc92b739eb,,,
docs/RENDERER_LITE_ADVANCED_v0.9.5.4.md,423,.md,documentation,0e4461afe9349da8a416532a3d39b18d57e3f169becb42dba735a8f8fac0d89d,,,
docs/RESPONSIVIDADE.md,1251,.md,documentation,51fe9b0d928adb913cfe0cba7f2d1d65d85ff6145294bf0be2e9099333b8735f,,,
docs/REVISAO_GRAFICA_ANIMACOES_v0.9.4.2.md,1843,.md,documentation,f8661c0b6e3894a4f5e1bc9e3c058503034e01d8ec41da331effe7794e2a1e84,,,
docs/RIG_HUMANOIDE_ANIMACOES_v0.9.4.4.md,803,.md,documentation,81094ebd4baadb884bb3dc3ea1a392d4fdfb5642e412fca6f834e7e3f4527577,,,
docs/ROADMAP.md,339,.md,documentation,af5cea49b569bfebc8200b037db025f63f1dad770c995a7974215c775c26d11c,,,
docs/SDK_API_v0.9.0.md,1829,.md,documentation,2149298c95b3dd425803a1c032f40391688417cd050ec66355daca9bad3bcb11,,,
docs/SEGURANCA.md,390,.md,documentation,d0153f5fdccd3eb3f59e0e59479d510b86db444d8e60d2f8bd506fd930c2ea99,,,
docs/TOOLCHAIN_FORMATOS_OPCIONAIS.md,965,.md,documentation,4625fdee889e9043ca00c949d0a8394ac15b1fe630a5ca73ddb14a8ee0c96d40,,,
docs/VALIDACAO_v0.2.0.md,1435,.md,documentation,67caf4a7b76a994010038aee4f3aa6777173e8ede7daf2847a419df5807f4737,,,
docs/VALIDACAO_v0.3.0.md,808,.md,documentation,9626a0949de91eb26c6ae764a4372fb3145a080d3aa08980118166db0e4ae076,,,
docs/VALIDACAO_v0.4.0.md,552,.md,documentation,b2adfd66e40ae1e42943762710e8a460fd699b17984696171f3b1d43d39b9939,,,
docs/VALIDACAO_v0.5.0.md,1353,.md,documentation,11174bf4856a04465f6c4e9356dfd16279ac0f48a565c19c380ad9bea3d1df6f,,,
docs/VALIDACAO_v0.6.0.md,334,.md,documentation,26c91db67df3446521dfce4a069fe01270bc5fcdf00aea51bb9ba1e62361d975,,,
docs/VALIDACAO_v0.7.0.md,3297,.md,documentation,4d146f566cd905e7e660672c00ed1173d45c30d83b1f598bd3c0301e5f37a2cb,,,
docs/VALIDACAO_v0.8.0.md,1349,.md,documentation,b14932bf53bdd5289625d27e06243d52e2f60cc51ecf6f1279014273f54e4ab0,,,
docs/VALIDACAO_v0.9.0.md,2639,.md,documentation,d08d0527889d1bc8e69e9622a55b45357d96c8ca52abc98dddfce0f1c8e3f586,,,
docs/VALIDACAO_v0.9.1.md,1562,.md,documentation,0836c2b0ac5b450016edf2ad13d7105184241a604aef91ec9d081c23ee557aa3,,,
docs/VALIDACAO_v0.9.2.md,1170,.md,documentation,dc8355db80f3ae78893416169530e190b6df1421de68a0a7ebed57210ab12552,,,
docs/VALIDACAO_v0.9.3.md,1968,.md,documentation,2038ddd74f473e7a4335c7fb9fbc71060f41fb17c2fe3c6c865d426b9d2ac93c,,,
docs/VALIDACAO_v0.9.4.1.md,1590,.md,documentation,cae586bd4a7ea309d6e7434313fffea1d7f3ef3c0eff77216d56ac7bf42ef6f8,,,
docs/VALIDACAO_v0.9.4.2.md,1941,.md,documentation,fc9426dc976767aaeca49e09fb69bf1d4337041bcf59f22467603d99b6e86fe5,,,
docs/VALIDACAO_v0.9.4.3.md,3207,.md,documentation,0d37642c427de582ba61fd0b8a0cd86436a12000171228327d0a593d8c49d956,,,
docs/VALIDACAO_v0.9.4.4.md,1302,.md,documentation,722617b9ba1e15f28ebf850292685a1c901a66b9be51491bab6d5d5545362800,,,
docs/VALIDACAO_v0.9.4.md,1057,.md,documentation,31d9a65f0fdbcab08d6e795778670534466f6a49ee0f3b64be287cd94348ccfd,,,
docs/VALIDACAO_v0.9.5.1.md,1283,.md,documentation,3c06514e69af05db4251f5e123c1f8a5f9f234ac02e4eddfb8554c122f8ea659,,,
docs/VALIDACAO_v0.9.5.2.md,1148,.md,documentation,4b3f338b562666bddb4dbe4c6050a79be88f24755d460bb25222c4a88535c7bc,,,
docs/VALIDACAO_v0.9.5.3.md,755,.md,documentation,c2ac19ae3be3ba63f531cf74cb2210944e8897f15690e0388628cc434bfa9cae,,,
docs/VALIDACAO_v0.9.5.4.md,462,.md,documentation,8f570eb5bc8c31e84904b70963bac49c34dfd2aaafc0decb0e42793466120441,,,
docs/VALIDACAO_v0.9.5.5.md,547,.md,documentation,5efeb1c65e77b02e72bfc11b65e4d25882db5d9adbcd858149ab49e100340b0e,,,
docs/VALIDACAO_v0.9.5.6.md,548,.md,documentation,123e4bc82cb8976861306d969492cd276a02f06c5ccfa5be9e1cd64a2ad9e00c,,,
docs/VALIDACAO_v0.9.5.md,1678,.md,documentation,009b74d9fd9973e328c7749f78b91ff7c0c6705d57db9dbea7ef037996abb02a,,,
docs/VFX_ENGINE.md,937,.md,documentation,41cda3b105e717061a74771c58ac61aa66968994e2eab05aed85d9af000e8b64,,,
docs/browser-test-fallback.json,1499,.json,documentation,e5e2bb1ccb38fc0a030464ff5eaaefd056fc32d11986bb643d7e21a387d4721e,,,
docs/browser-test-result.json,12004,.json,documentation,7a22619db9d83905ea3a39da90bffd41fd9a4ed5d7ac211029952f08bcfdc7c3,,,
docs/browser-test-v080.json,448,.json,documentation,427cacc183a4f4c4a3755e07ee1a5314404ce08b7b191bf235fea999ace64c11,,,
docs/browser-test-v090.json,524,.json,documentation,90f2f5a3db5d193ca5ad5b3a3f25d550e1e4492f8d1efc91c850cad1cf619e8a,,,
docs/browser-test-webgl.json,314,.json,documentation,9cc064fb2ef58156bafa97bb865df3d9ad3ab6eeb8b2947fa32954228f5c220e,,,
examples/adapters/base-adapter.js,620,.js,integration-example,e045a9b8f07c52bbd4628fa49b6aeb353c03ca30f5a49600a46d633c5377f63c,,,
examples/integration/bridge-host.html,589,.html,integration-example,36e83222a8f9ea5486b36ccb3ebbc2b95f81df858200993a73d6d2c821460054,,,
examples/integration/direct-integration.html,811,.html,integration-example,fe5429256ea61f4921cdf2b88815373972b824b94af0aeaca046e23ca8dde8aa,,,
examples/integration/iframe-child.html,682,.html,integration-example,75bbb3a74ac882fe585e3b07aff09129d9c691646e7c78ad591c3410cb322f39,,,
examples/integration/platform-snippet.js,501,.js,integration-example,0dad0974b431fe0fce89c05f3e07b9692e3fb502318a7e23199b08c76782424c,,,
index.html,1271,.html,release-metadata,918458856c6e98bd51dd9bc2daa243ae7b10f1890e1426a85fb3bd0b9614429c,,,
lab/formats/glb-transfer/avatar-tech-v1-lod0/avatar-tech-v1-lod0.glb,55736,.glb,release-metadata,0642758926418d9bf205b1bf206d863f7d5f965467355504287195bd1680e47e,,,
lab/formats/glb-transfer/avatar-tech-v1-lod0/avatar-tech-v1-lod0.glb.br,6611,.br,release-metadata,aa017f766d17d1d627571111f6ac02a0c5711dccd36bd0c7ceedd123e41eb8eb,,,
lab/formats/glb-transfer/avatar-tech-v1-lod0/avatar-tech-v1-lod0.glb.gz,8393,.gz,release-metadata,c4f12038fa669eccdc104873d6026fc15f556f807136eb75fe8806d391cb54fa,,,
lab/formats/glb-transfer/backpack-scholar/backpack-scholar.glb,3392,.glb,release-metadata,1c8e2d15f4c2ff7c62b81425417aeb4accb731733200b3643d2668139e0f094b,,,
lab/formats/glb-transfer/backpack-scholar/backpack-scholar.glb.br,802,.br,release-metadata,66faaad233ec3c23e14ab0c1b95611ff5dd18bc8471933f475d3e895fa74fe7a,,,
lab/formats/glb-transfer/backpack-scholar/backpack-scholar.glb.gz,997,.gz,release-metadata,8727ff0e57bc72b4642933440259f1f001c9f078df8cdf6683507f807b35a11d,,,
lab/formats/glb-transfer/drone-iris/drone-iris.glb,3192,.glb,release-metadata,d934f09b4154b49eed009066f35275348af4fcdd6456cd98826e2926ae0bfeff,,,
lab/formats/glb-transfer/drone-iris/drone-iris.glb.br,795,.br,release-metadata,1010aa4e54e1fc09d19cd188ddfb3c00d01ad5bba36a55d384bc49e1efff7615,,,
lab/formats/glb-transfer/drone-iris/drone-iris.glb.gz,968,.gz,release-metadata,be72e2beb275c66243700a1f5a6772fca0b3bf9bc7c949a66b17cb454e6f0c12,,,
lab/formats/glb-transfer/mystic-arcane/mystic-arcane.glb,3256,.glb,release-metadata,835662a14120854188cde72a478450fe843881c407f6c8c7cf656f1fec1777ae,,,
lab/formats/glb-transfer/mystic-arcane/mystic-arcane.glb.br,834,.br,release-metadata,6fdfdda78b96c7abc35ea5ae7e208d12c43654917452f28e9bdfabcb8a1d2b98,,,
lab/formats/glb-transfer/mystic-arcane/mystic-arcane.glb.gz,1035,.gz,release-metadata,975be77cb6e0a6244e4d1a4568774cffeb21e26b316a0e22d5a48443ac6ea6e9,,,
lab/formats/gltf-split/avatar-tech-v1-lod0/avatar-tech-v1-lod0.bin,8532,.bin,release-metadata,ee0bfb976a12b929121eb6a343eb1edd5d94483aec1a4803a01fa1ba22532cbd,,,
lab/formats/gltf-split/avatar-tech-v1-lod0/avatar-tech-v1-lod0.gltf,47207,.gltf,release-metadata,3391aaf87df19c3195731e42201af60bfbfd37e9dbea766e5785835eabf5fb93,,,
lab/formats/gltf-split/backpack-scholar/backpack-scholar.bin,648,.bin,release-metadata,a9619b786bf69a27da8a6d33a39501d1e9d85a94a5e320c0ba33e2df4bf057cc,,,
lab/formats/gltf-split/backpack-scholar/backpack-scholar.gltf,2743,.gltf,release-metadata,652ace516cdd44311db85d0d6d3a3dc8bae43a0941cb45f1a28cd5950314cee5,,,
lab/formats/gltf-split/drone-iris/drone-iris.bin,648,.bin,release-metadata,a9619b786bf69a27da8a6d33a39501d1e9d85a94a5e320c0ba33e2df4bf057cc,,,
lab/formats/gltf-split/drone-iris/drone-iris.gltf,2536,.gltf,release-metadata,a64851289c0c60aba23d848920a8419f49f69f160b17850d339ebdbc9043c6c9,,,
lab/formats/gltf-split/mystic-arcane/mystic-arcane.bin,648,.bin,release-metadata,a9619b786bf69a27da8a6d33a39501d1e9d85a94a5e320c0ba33e2df4bf057cc,,,
lab/formats/gltf-split/mystic-arcane/mystic-arcane.gltf,2605,.gltf,release-metadata,5765dc912bb060e3805f7d8447057d6313a4c39bbb972707a9c0c3bdfe9c0870,,,
lab/formats/image-formats/drone-iris/drone-iris-webp-lossless.webp,99194,.webp,release-metadata,a6f43d911cdfd22207c74be2e2b3f55fa5bc5ec09ed2ef28258a6fc2202cd8d4,512,512,WEBP
lab/formats/image-formats/drone-iris/drone-iris-webp-q80.webp,14012,.webp,release-metadata,88db79e339462c443f7a037c8ba09c0f6b505e62546acc324c0a76c7f1c41800,512,512,WEBP
lab/formats/image-formats/drone-iris/drone-iris-webp-q90.webp,20854,.webp,release-metadata,1aaacfba614c62d6792f7af0a78951cf37c011d1baf3b9c349be50f21b0e585b,512,512,WEBP
lab/formats/image-formats/drone-iris/reference.png,145203,.png,release-metadata,d319b806ad3e338e31244d33316fae332f1dfc40a644537a6663b68e04fafc1e,512,512,PNG
lab/formats/image-formats/fabric/fabric-webp-lossless.webp,31512,.webp,release-metadata,20a101100aca486c2faf3b81ccf106891cc19ea0ad78d32d1210ab089ab15324,256,256,WEBP
lab/formats/image-formats/fabric/fabric-webp-q80.webp,16490,.webp,release-metadata,7c313004cdb75e48b8b33ab2f2b86cea0dd223497d3e326bd48092b0d0c731ab,256,256,WEBP
lab/formats/image-formats/fabric/fabric-webp-q90.webp,24154,.webp,release-metadata,dcd1924e2cb689b5369d47357f892765793a2f6abbef04929309b0989cd7dcde,256,256,WEBP
lab/formats/image-formats/fabric/reference.png,67900,.png,release-metadata,325acae0263f541458c43733779d47583cd51eb9b790232659949feda410c140,256,256,PNG
lab/formats/image-formats/holographic/holographic-webp-lossless.webp,730,.webp,release-metadata,fe4dde711fdf72d862e685bb6848090ab4c20ca4085adbe12e16fa2c2796e7eb,256,256,WEBP
lab/formats/image-formats/holographic/holographic-webp-q80.webp,1942,.webp,release-metadata,9b245c06aa908a0f8d68fc9229ca9a9e6df199ad4d448602d4dfbeb6f53cf372,256,256,WEBP
lab/formats/image-formats/holographic/holographic-webp-q90.webp,2738,.webp,release-metadata,8b3106ae13cbdaee44136046c0a393cf7c33cdee7e535e230ceaae258d475214,256,256,WEBP
lab/formats/image-formats/holographic/reference.png,2619,.png,release-metadata,6fcaf701efc9f951b05da64cdf03ba89bc75406ec502508608dfcc1430c81d56,256,256,PNG
lab/formats/image-formats/mystic-arcane/mystic-arcane-webp-lossless.webp,70534,.webp,release-metadata,050e01b3abd6343db8b47c653939f250e97c0ef8494b47267f8d77735f6a427f,512,512,WEBP
lab/formats/image-formats/mystic-arcane/mystic-arcane-webp-q80.webp,15234,.webp,release-metadata,9f36f5f1b28e5d41d2e2a69370d5fd24931089fd20d94251c0e27df7f817141d,512,512,WEBP
lab/formats/image-formats/mystic-arcane/mystic-arcane-webp-q90.webp,19328,.webp,release-metadata,00a152ccf0d082a5426a076401d7e76900dc265b8ede3d15750fb3cce76f3213,512,512,WEBP
lab/formats/image-formats/mystic-arcane/reference.png,94859,.png,release-metadata,3ae5395e805a658e52dd429aa84f7c81ad5cdf8b15f1164a233d4338516c6274,512,512,PNG
lab/formats/image-formats/style-guide-avatar-ui/reference.png,2261972,.png,release-metadata,a153f285b34f408e78c758e0f0136f91c424409581c269a5101c6776f7e42354,1448,1086,PNG
lab/formats/image-formats/style-guide-avatar-ui/style-guide-avatar-ui-avif-q80.avif,270990,.avif,release-metadata,47ccb0308426ad62b13327e4ccd6387cbdcb3ec510077df74cf2a5722a7271f2,1448,1086,AVIF
lab/formats/image-formats/style-guide-avatar-ui/style-guide-avatar-ui-webp-lossless.webp,1599986,.webp,release-metadata,78e194404da7f97d1a3940db514fe01c177a9cf6ccdcedb99223d89bc2460940,1448,1086,WEBP
lab/formats/image-formats/style-guide-avatar-ui/style-guide-avatar-ui-webp-q80.webp,170548,.webp,release-metadata,423b49e1a2c2d484b173597243a70d57050f2e87eeede0e95470ae9fc48b39f6,1448,1086,WEBP
lab/formats/image-formats/style-guide-avatar-ui/style-guide-avatar-ui-webp-q90.webp,256264,.webp,release-metadata,265cfd2939a39cf3390cae59cb297c3a9879d90039cd5fb55eca1a4b444c5f40,1448,1086,WEBP
lab/formats/image-formats/v0.7.0-performance/reference.png,757328,.png,release-metadata,80e70377040f45d109908ff26afc8ce4015876ddfe2ec3fd6d9e60d5c5cb478b,1440,861,PNG
lab/formats/image-formats/v0.7.0-performance/v0.7.0-performance-avif-q80.avif,123366,.avif,release-metadata,1fa6be3af2c78c1c2f8ac2ee11438e3de47e28dd3f1942789f836d0553da002e,1440,861,AVIF
lab/formats/image-formats/v0.7.0-performance/v0.7.0-performance-webp-lossless.webp,493518,.webp,release-metadata,bf50ba500569cb09df2b6b36b27d3837223627d9308c537a85c033fe1c35e513,1440,861,WEBP
lab/formats/image-formats/v0.7.0-performance/v0.7.0-performance-webp-q80.webp,63108,.webp,release-metadata,7de8467efdae91e9872a6bd5c67b378831b917508c76893f57f077f2bc4899c6,1440,861,WEBP
lab/formats/image-formats/v0.7.0-performance/v0.7.0-performance-webp-q90.webp,86578,.webp,release-metadata,53cc5c3969ee1a44609901085f8e7a99c4fedfe332d434d7dec4f430e6c95cd4,1440,861,WEBP
lab/formats/image-formats/vfx-fireworks-orbit/reference.png,102609,.png,release-metadata,1bd67199000faeceee5bf3c52acc102b7f87a930c62106ea20d1f8f357336e49,720,720,PNG
lab/formats/image-formats/vfx-fireworks-orbit/vfx-fireworks-orbit-webp-lossless.webp,60436,.webp,release-metadata,3401950a406edfc7905a09656ee85a61d9b34a546981185c502c48f411195cd4,720,720,WEBP
lab/formats/image-formats/vfx-fireworks-orbit/vfx-fireworks-orbit-webp-q80.webp,56684,.webp,release-metadata,030952898b1d879cead4d7a115ee61ecbf93f6bd49c3d43426993e4168e8c240,720,720,WEBP
lab/formats/image-formats/vfx-fireworks-orbit/vfx-fireworks-orbit-webp-q90.webp,67848,.webp,release-metadata,ba483498babdde6b6d190811b77a7313353644f0f9f444545d8724dffc97753f,720,720,WEBP
lab/formats/image-formats/vfx-neon-glitch/reference.png,40323,.png,release-metadata,7c31f17d9a0352850b5d6e753c15259e7de6602be84906253dff410c9e499cba,720,720,PNG
lab/formats/image-formats/vfx-neon-glitch/vfx-neon-glitch-webp-lossless.webp,19510,.webp,release-metadata,0df9e6cdc10966d0c4dc0468251d6fa1a2f18d829fd1318124a7f4488727e29b,720,720,WEBP
lab/formats/image-formats/vfx-neon-glitch/vfx-neon-glitch-webp-q80.webp,28432,.webp,release-metadata,ac95f17757d29b21e1540c27096dd909f6a28179dbb95858ea64d9594e0eb215,720,720,WEBP
lab/formats/image-formats/vfx-neon-glitch/vfx-neon-glitch-webp-q90.webp,34858,.webp,release-metadata,aacd8c0b721fa21a555006f5031cc6866e64705042ddd4dd9d74e3faa95b2107,720,720,WEBP
manifest.json,7889,.json,release-metadata,8b805549d5d6e3aed30275d8918b804b6c010309f76ddda0171cea1c49bfa28b,,,
packs/graphics-balanced.json,21111,.json,release-metadata,43d9a39417c03085fdc2364f1673615613f97d03f51629da133a27d3111a41cd,,,
packs/graphics-cinematic.json,2217,.json,release-metadata,ff1d4fd9e79fed51aa74861821b85c2430db7a95bded8f42e51d178607b195fc,,,
packs/graphics-essential.json,14134,.json,release-metadata,a499f23ca405de8552a9cda26509120c8ad3cf17dca46b2806b6f64273bc5481,,,
packs/graphics-high-core.json,7441,.json,release-metadata,eee3f53b44e1fee30b80ee48d5d64203aa95f77b567f6dd3a6e4144f4997af46,,,
packs/graphics-ultra-core.json,2471,.json,release-metadata,b316283c9dc12e1082abec32892581e39cc91f06ef7bd401bf912e06f76c70a5,,,
packs/module-equipment-3d.json,8105,.json,release-metadata,7af1ea4878857ce20d29f7e8ee65fb08f00c11ef36114b10be3376e2968f857d,,,
packs/module-vfx-ultra.json,6798,.json,release-metadata,c8529e53d79907ac3e1ff7e42ae26dfe7a0592b8a50089f0fcd0bde5dd467fab,,,
packs/packages.json,70839,.json,release-metadata,09eeec116e96c69fc6b5ace5c3955623d85a7f784309a42ed31d18df7f4e8ad2,,,
preview-desktop.png,918225,.png,release-metadata,d0cf9ca432d97c106f9a709d9053527a9d0d74951273dafd65d7dddfd6ffb3dd,1440,1274,PNG
preview-mobile.png,442572,.png,release-metadata,3a34dba5029aba2413b35d62a310cdc39d694313acec04b4239503164ceb58dc,390,2501,PNG
preview-store.png,370083,.png,release-metadata,9a21150599f97613429460d8bb010bbe96512d7c2c58c9f9b6fccf163422e268,1440,861,PNG
preview-validation.png,872693,.png,release-metadata,750ae02fa83491d647b7c8a6eebb0c30d0b6582497e46ecb69b019ff0796cf22,1440,1216,PNG
schemas/item.schema.json,1040,.json,runtime-code-data,103e1b64bd046764fcf49e020e41ab2e9756c15081d5c58ad84f31fc7c587efd,,,
schemas/platform-event.schema.json,1895,.json,runtime-code-data,3e552b4eaaa4d0c80c85d0d443639ffa35d93201adf356067b1050684f3b8cd2,,,
schemas/review.schema.json,1058,.json,runtime-code-data,36459975dbd2bd9b03e9838e23d349597cd37c23d6a0774b5f8cf2faabfeb4a5,,,
schemas/reward-event.schema.json,1587,.json,runtime-code-data,5f81fa8597fc7543745d1ec78e814d5cdf704b806a2d16c5e7513c35ae0f8d05,,,
schemas/sdk-response.schema.json,1252,.json,runtime-code-data,13a928cb793909df9d4130534a1823ac0976245fb4d528857a18a642d4f1efa0,,,
schemas/transaction.schema.json,1276,.json,runtime-code-data,44143c51ca1a2033e8c0c861509c396dda5c451ae47c7d0beb380884d1b29275,,,
src/core/foundation.js,24060,.js,runtime-code-data,deb167f496520632a62a1a90b217c654e131a326a6b37cd2a76d4f34b48b5ff2,,,
src/integration/adapters/central-ds.js,624,.js,runtime-code-data,53bf599b6d26eec1ba335f70cf7a1f5ba2c6bc90591f30d6689fa02c1f4c5951,,,
src/integration/adapters/ctf-ds.js,993,.js,runtime-code-data,82cfd08bd7b7273ee1e31a1f979b0f4f2c9934a67e5a903fc650a36032f49e96,,,
src/integration/adapters/desafio-ds.js,1003,.js,runtime-code-data,a24ed804212a73d1818dc77f4b94379fea52ea0ac40a6452f633b3932996c6ed,,,
src/integration/adapters/diagnostico-edu.js,886,.js,runtime-code-data,0cce1f2e73721d0475a882a9bac8f1aa53cda11cf04307b3431fe9414fbc4134,,,
src/integration/adapters/game-informatica.js,893,.js,runtime-code-data,78a3754dc09e463bf29805869a614c4799e7fb740c220e9c09569322440205a4,,,
src/integration/adapters/lab-ds-3d-vr.js,868,.js,runtime-code-data,5561402b86e3fcc329d6b83a6b916b54ac45696d488e2ab0068ecee68d33c562,,,
src/integration/adapters/lab-virtual-ds.js,876,.js,runtime-code-data,81b031b5cc9cfb6bb2df80bcfa0253d642257a96b30013d79722e9b227699492,,,
src/integration/adapters/modo-guiado-ds.js,1007,.js,runtime-code-data,01ad4fdefe930b6409cdc5d6a878bfb9351b2a005857ba246d01c9878a74e257,,,
src/integration/adapters/professor-admin.js,678,.js,runtime-code-data,69f4279d75e4128beef72151e776324290faa008cccbe1be3c2fcce07baa6ecc,,,
src/integration/adapters/rcp-adapta.js,997,.js,runtime-code-data,9b9bb543b55672101fdd9e22e20ac89935c8d8c88222ade765272da0c6b953e2,,,
src/integration/base-adapter.js,1174,.js,runtime-code-data,28b8a2e96d8c3edac8b292a3d0ca05d1a0f3d5473e2a1af9cab2c5c049f04939,,,
src/integration/platform-registry.json,188,.json,runtime-code-data,b04277c2b1ba18e3c909c9dec84c612deb5133176116c20235108796d6a91f99,,,
src/sdk/ds-store-sdk.esm.js,273,.js,runtime-code-data,f9820d4d02d74910ffeb80e04b3bd1ec7a0375ef696703aa3d2c015d8a04a968,,,
src/sdk/ds-store-sdk.js,12467,.js,runtime-code-data,2bead3c5aa309d2b4cdefbe378617a6b63e7ebc057980b59729d2ddf5019546f,,,
src/ui/component-registry.js,848,.js,runtime-code-data,9b446600b96932b700f3010f226bb7bdbf369368a50060b816fb22448106fcd7,,,
src/ui/design-system.css,57423,.css,runtime-code-data,2d4965f390aee2a496fc7b2404998a3d28d9a6f339e874ddc0f06b0797beee3f,,,
src/ui/tokens.css,572,.css,runtime-code-data,cd0449290a0ebdc010a6f261787ae27cb5fd228305daeb61cfada5797e84f432,,,
sw.js,2766,.js,release-metadata,c2d862f3aea6624824ff308ac28b885efca4efec90ed764e30f85ffceae4a643,,,
tests/audit_baseline.py,15555,.py,test-tooling,f240e683863c90a0f9f7da8f0b109cefd56c21864b32a104dd457e78cc3d3786,,,
tests/generate_equipment.py,23300,.py,test-tooling,40f685b8f262631878df15185582fd424f7692ae710da7bf0c57422f627ca7a1,,,
tests/patch_avatar_slots.py,2052,.py,test-tooling,f3912902d95393fa6c49c248320027dd6e7c1177e43985c50f02c224b40fcba0,,,
tests/run_regression.py,2023,.py,test-tooling,2a550454b64f8315e0ee4d2bdf1a213e40081cdda726443a62a2b2f0e2ff1258,,,
tests/run_regression.sh,93,.sh,test-tooling,5b53b4349a5394d500271f60bc48d5760a50fa504130167c8a30df7c8927f8f4,,,
tests/test_sdk_node.js,3162,.js,test-tooling,9fb0afcf014c033065b091f303b983937b6e12b22f68317796de505dfc34f19b,,,
tests/validate_assets.py,1190,.py,test-tooling,a9fd194e414e9b6e1b0c9e563525d790f10450dcf636ec74d1fdecb923624bbf,,,
tests/validate_avatar3d.py,860,.py,test-tooling,111e4257f57127a80871e5fa5f78ed16a11937fb1c74d4e2b6656ed556df8651,,,
tests/validate_benchmark_v095.py,2199,.py,test-tooling,25a5e2295d9fe085564802d62bd9a9b193658ae165ad158252e5be89b8bfcf91,,,
tests/validate_cache_memory.py,2201,.py,test-tooling,acd101f56951096d4cf6e4db5f3ec519a29c80b18ea557a969c6981935ff7d01,,,
tests/validate_catalog.py,709,.py,test-tooling,0577f9b71c7c3a3647867a386aed73e4055d2f4d8eb754e387e0bf297eca8f1e,,,
tests/validate_compression_pipeline.py,889,.py,test-tooling,4a4657723ba7c15e7627701c9cb0a068cf7bedb98c0442236c0a91dfe5b4a7a6,,,
tests/validate_design_system.py,4107,.py,test-tooling,81b711b095e7417849deba632ddb36cf009d0de378f9681c7147169734082d21,,,
tests/validate_equipment.py,2611,.py,test-tooling,3c91f0af6e023ae5e99332197d3f95a99ab49e4b6f5d15af05ecf87dc758d4ef,,,
tests/validate_formats.py,3062,.py,test-tooling,b244c464a38740a7329217fba4446a53c0b8167e7557d28d54e5a0228dc18c46,,,
tests/validate_graphics_modes.py,1685,.py,test-tooling,e65f03fc199926a6a0929cd4487416ec2eb6d43344cac89df20e5bd53ce2f282,,,
tests/validate_modular_runtime_v0952.py,1533,.py,test-tooling,643d21e196ac7562d524e052e1b1980c20206d17ea6506a3ee2ba9852764791c,,,
tests/validate_packages.py,898,.py,test-tooling,3948caa83398fc86493bdf9aaac679df6e5e5e6d9b5d26205d5d5edb6d6364e3,,,
tests/validate_renderer_profiles.py,714,.py,test-tooling,5cc8ad741a310c57cd59a4e2f3394f35c2ec8c3903cb9fa3d1ac488c30dba83e,,,
tests/validate_rig_animation_v0944.py,1853,.py,test-tooling,cca4241eb6742042d353dcef853b148ffc4aa7836cae2266ab3bc8ef9dda2169,,,
tests/validate_runtime_dev_split_v0951.py,1373,.py,test-tooling,2421e499977bb47ccbda4773cf4780bcfb83e64bf766aba9c2517d36e34ee345,,,
tests/validate_v07.py,1201,.py,test-tooling,fe2ef141fbffd50ccf919a22ac39048b97048eb975f93de609f331cccf09f269,,,
tests/validate_v08.py,2266,.py,test-tooling,a96637ec62da5036f7057ef191cfef9ec88c5e62da03a6276dd1e44c8c9f1da1,,,
tests/validate_v09.py,2096,.py,test-tooling,604d895968e496fd724669637ab38202bddcd0231c60a2de0562f8aa9df0fe0d,,,
tests/validate_v0955.py,1348,.py,test-tooling,ba4dcbea75bb88e3e3d9cf01daa33ea73c11eeaf57c3433ee053a84043c340b2,,,
tests/validate_v0956.py,1562,.py,test-tooling,f8ab11d82b0c36a02190524df89c206a448d3105a1a1f177ec09d5fe4bec3f28,,,
tests/validate_vfx.py,1059,.py,test-tooling,167f29c04b08842bcdc735ff17f8a2c119d54a52ac30b1992d54f8429be46c6c,,,
tests/validate_visual_animation_hotfix.py,3326,.py,test-tooling,754e1bac51d2ffb46d6e90f048785bf236752cc0592300d633cee363ce165974,,,
